{
  "type": "FeatureCollection",
  "name": "establecimientos_provincia_osorno",
  "crs": {
    "type": "name",
    "properties": {
      "name": "urn:ogc:def:crs:OGC:1.3:CRS84"
    }
  },
  "features": [
    {
      "type": "Feature",
      "properties": {
        "cod_ant": "23-423",
        "cod_vig": 123423.0,
        "cod_m_ant": null,
        "cod_m_nuev": 0.0,
        "cod_reg": 10.0,
        "nom_reg": "Región de Los Lagos",
        "cod_dep": 23.0,
        "dependenc": "Servicio de Salud Osorno",
        "pertenenci": "Perteneciente al Sistema Nacional de Servicios de Salud",
        "tipo": "Posta de Salud Rural (PSR)",
        "ambito": "Establecimiento de Salud",
        "nombre": "Posta de Salud Rural Cascadas",
        "certifi": "No Aplica",
        "dep_adm": "Municipal",
        "nivel": "Primario",
        "cod_com": "10302",
        "nom_com": "Puerto Octay",
        "via": "Calle",
        "numero": 0.0,
        "direccion": "Pueblo de Cascadas",
        "fono": 0.0,
        "f_inicio": 38716.0,
        "urgencia": "NO",
        "tipo_urge": "No Aplica",
        "clas_sapu": "No Aplica",
        "latitud": -41.082404,
        "longitud": -72.636287,
        "prestador": "Público",
        "estado": "Vigente en operación habitual",
        "complejida": "Baja Complejidad",
        "tipo_aten": "Atención Abierta-Ambulatoria",
        "cut_comuna": "10302",
        "cut_region": "10",
        "cut_provin": "103",
        "nom_region": "Los Lagos",
        "nom_provin": "Osorno",
        "nom_comuna": "Puerto Octay",
        "ir_google": "https://www.google.cl/maps/dir//-41.082403999999997,-72.636286999999996",
        "simbologia": "Atención Primaria de Salud (APS)"
      },
      "geometry": {
        "type": "Point",
        "coordinates": [
          -72.636287,
          -41.082404
        ]
      }
    },
    {
      "type": "Feature",
      "properties": {
        "cod_ant": "23-420",
        "cod_vig": 123420.0,
        "cod_m_ant": null,
        "cod_m_nuev": 0.0,
        "cod_reg": 10.0,
        "nom_reg": "Región de Los Lagos",
        "cod_dep": 23.0,
        "dependenc": "Servicio de Salud Osorno",
        "pertenenci": "Perteneciente al Sistema Nacional de Servicios de Salud",
        "tipo": "Posta de Salud Rural (PSR)",
        "ambito": "Establecimiento de Salud",
        "nombre": "Posta de Salud Rural Collihuinco",
        "certifi": "No Aplica",
        "dep_adm": "Municipal",
        "nivel": "Primario",
        "cod_com": "10303",
        "nom_com": "Purranque",
        "via": "Calle",
        "numero": 0.0,
        "direccion": "Caserío de Collihuinco",
        "fono": 0.0,
        "f_inicio": 38716.0,
        "urgencia": "NO",
        "tipo_urge": "No Aplica",
        "clas_sapu": "No Aplica",
        "latitud": -41.0383,
        "longitud": -73.623,
        "prestador": "Público",
        "estado": "Vigente en operación habitual",
        "complejida": "Baja Complejidad",
        "tipo_aten": "Atención Abierta-Ambulatoria",
        "cut_comuna": "10303",
        "cut_region": "10",
        "cut_provin": "103",
        "nom_region": "Los Lagos",
        "nom_provin": "Osorno",
        "nom_comuna": "Purranque",
        "ir_google": "https://www.google.cl/maps/dir//-41.0383,-73.623000000000005",
        "simbologia": "Atención Primaria de Salud (APS)"
      },
      "geometry": {
        "type": "Point",
        "coordinates": [
          -73.623,
          -41.0383
        ]
      }
    },
    {
      "type": "Feature",
      "properties": {
        "cod_ant": "23-417",
        "cod_vig": 123417.0,
        "cod_m_ant": null,
        "cod_m_nuev": 0.0,
        "cod_reg": 10.0,
        "nom_reg": "Región de Los Lagos",
        "cod_dep": 23.0,
        "dependenc": "Servicio de Salud Osorno",
        "pertenenci": "Perteneciente al Sistema Nacional de Servicios de Salud",
        "tipo": "Posta de Salud Rural (PSR)",
        "ambito": "Establecimiento de Salud",
        "nombre": "Posta de Salud Rural La Naranja",
        "certifi": "No Aplica",
        "dep_adm": "Municipal",
        "nivel": "Primario",
        "cod_com": "10303",
        "nom_com": "Purranque",
        "via": "Calle",
        "numero": 0.0,
        "direccion": "Caserío de La Naranja",
        "fono": 0.0,
        "f_inicio": 38716.0,
        "urgencia": "NO",
        "tipo_urge": "No Aplica",
        "clas_sapu": "No Aplica",
        "latitud": -41.02661,
        "longitud": -73.51157,
        "prestador": "Público",
        "estado": "Vigente en operación habitual",
        "complejida": "Baja Complejidad",
        "tipo_aten": "Atención Abierta-Ambulatoria",
        "cut_comuna": "10303",
        "cut_region": "10",
        "cut_provin": "103",
        "nom_region": "Los Lagos",
        "nom_provin": "Osorno",
        "nom_comuna": "Purranque",
        "ir_google": "https://www.google.cl/maps/dir//-41.026609999999998,-73.511570000000006",
        "simbologia": "Atención Primaria de Salud (APS)"
      },
      "geometry": {
        "type": "Point",
        "coordinates": [
          -73.51157,
          -41.02661
        ]
      }
    },
    {
      "type": "Feature",
      "properties": {
        "cod_ant": "23-415",
        "cod_vig": 123415.0,
        "cod_m_ant": null,
        "cod_m_nuev": 0.0,
        "cod_reg": 10.0,
        "nom_reg": "Región de Los Lagos",
        "cod_dep": 23.0,
        "dependenc": "Servicio de Salud Osorno",
        "pertenenci": "Perteneciente al Sistema Nacional de Servicios de Salud",
        "tipo": "Posta de Salud Rural (PSR)",
        "ambito": "Establecimiento de Salud",
        "nombre": "Posta de Salud Rural Concordia",
        "certifi": "No Aplica",
        "dep_adm": "Municipal",
        "nivel": "Primario",
        "cod_com": "10303",
        "nom_com": "Purranque",
        "via": "Calle",
        "numero": 0.0,
        "direccion": "Caserío de Concordia",
        "fono": 0.0,
        "f_inicio": 38716.0,
        "urgencia": "NO",
        "tipo_urge": "No Aplica",
        "clas_sapu": "No Aplica",
        "latitud": -41.0051,
        "longitud": -73.29206,
        "prestador": "Público",
        "estado": "Vigente en operación habitual",
        "complejida": "Baja Complejidad",
        "tipo_aten": "Atención Abierta-Ambulatoria",
        "cut_comuna": "10303",
        "cut_region": "10",
        "cut_provin": "103",
        "nom_region": "Los Lagos",
        "nom_provin": "Osorno",
        "nom_comuna": "Purranque",
        "ir_google": "https://www.google.cl/maps/dir//-41.005099999999999,-73.292060000000006",
        "simbologia": "Atención Primaria de Salud (APS)"
      },
      "geometry": {
        "type": "Point",
        "coordinates": [
          -73.29206,
          -41.0051
        ]
      }
    },
    {
      "type": "Feature",
      "properties": {
        "cod_ant": "23-416",
        "cod_vig": 123416.0,
        "cod_m_ant": null,
        "cod_m_nuev": 0.0,
        "cod_reg": 10.0,
        "nom_reg": "Región de Los Lagos",
        "cod_dep": 23.0,
        "dependenc": "Servicio de Salud Osorno",
        "pertenenci": "Perteneciente al Sistema Nacional de Servicios de Salud",
        "tipo": "Posta de Salud Rural (PSR)",
        "ambito": "Establecimiento de Salud",
        "nombre": "Posta de Salud Rural Colonia Ponce",
        "certifi": "No Aplica",
        "dep_adm": "Municipal",
        "nivel": "Primario",
        "cod_com": "10303",
        "nom_com": "Purranque",
        "via": "Calle",
        "numero": 0.0,
        "direccion": "Caserío de Colonia Ponce",
        "fono": 0.0,
        "f_inicio": 38716.0,
        "urgencia": "NO",
        "tipo_urge": "No Aplica",
        "clas_sapu": "No Aplica",
        "latitud": -40.991508,
        "longitud": -73.053042,
        "prestador": "Público",
        "estado": "Vigente en operación habitual",
        "complejida": "Baja Complejidad",
        "tipo_aten": "Atención Abierta-Ambulatoria",
        "cut_comuna": "10303",
        "cut_region": "10",
        "cut_provin": "103",
        "nom_region": "Los Lagos",
        "nom_provin": "Osorno",
        "nom_comuna": "Purranque",
        "ir_google": "https://www.google.cl/maps/dir//-40.991508000000003,-73.053042000000005",
        "simbologia": "Atención Primaria de Salud (APS)"
      },
      "geometry": {
        "type": "Point",
        "coordinates": [
          -73.053042,
          -40.991508
        ]
      }
    },
    {
      "type": "Feature",
      "properties": {
        "cod_ant": "23-427",
        "cod_vig": 123427.0,
        "cod_m_ant": null,
        "cod_m_nuev": 0.0,
        "cod_reg": 10.0,
        "nom_reg": "Región de Los Lagos",
        "cod_dep": 23.0,
        "dependenc": "Servicio de Salud Osorno",
        "pertenenci": "Perteneciente al Sistema Nacional de Servicios de Salud",
        "tipo": "Posta de Salud Rural (PSR)",
        "ambito": "Establecimiento de Salud",
        "nombre": "Posta de Salud Rural La Calo",
        "certifi": "No Aplica",
        "dep_adm": "Municipal",
        "nivel": "Primario",
        "cod_com": "10302",
        "nom_com": "Puerto Octay",
        "via": "Calle",
        "numero": 0.0,
        "direccion": "Sector La Calo",
        "fono": 0.0,
        "f_inicio": 38716.0,
        "urgencia": "NO",
        "tipo_urge": "No Aplica",
        "clas_sapu": "No Aplica",
        "latitud": -40.9746,
        "longitud": -72.73914,
        "prestador": "Público",
        "estado": "Vigente en operación habitual",
        "complejida": "Baja Complejidad",
        "tipo_aten": "Atención Abierta-Ambulatoria",
        "cut_comuna": "10302",
        "cut_region": "10",
        "cut_provin": "103",
        "nom_region": "Los Lagos",
        "nom_provin": "Osorno",
        "nom_comuna": "Puerto Octay",
        "ir_google": "https://www.google.cl/maps/dir//-40.974600000000002,-72.739140000000006",
        "simbologia": "Atención Primaria de Salud (APS)"
      },
      "geometry": {
        "type": "Point",
        "coordinates": [
          -72.73914,
          -40.9746
        ]
      }
    },
    {
      "type": "Feature",
      "properties": {
        "cod_ant": "23-103",
        "cod_vig": 123103.0,
        "cod_m_ant": null,
        "cod_m_nuev": 0.0,
        "cod_reg": 10.0,
        "nom_reg": "Región de Los Lagos",
        "cod_dep": 23.0,
        "dependenc": "Servicio de Salud Osorno",
        "pertenenci": "Perteneciente al Sistema Nacional de Servicios de Salud",
        "tipo": "Hospital",
        "ambito": "Establecimiento de Salud",
        "nombre": "Hospital de Puerto Octay",
        "certifi": "No Aplica",
        "dep_adm": "Servicio de Salud",
        "nivel": "Pendiente",
        "cod_com": "10302",
        "nom_com": "Puerto Octay",
        "via": "Calle",
        "numero": 601.0,
        "direccion": "Pedro Montt",
        "fono": 642335932.0,
        "f_inicio": 42314.0,
        "urgencia": "SI",
        "tipo_urge": "Urgencia Hospitalaria (UEH)",
        "clas_sapu": "No Aplica",
        "latitud": -40.97256,
        "longitud": -72.88318,
        "prestador": "Público",
        "estado": "Vigente en operación habitual",
        "complejida": "Baja Complejidad",
        "tipo_aten": "Atención Cerrada-Hospitalaria",
        "cut_comuna": "10302",
        "cut_region": "10",
        "cut_provin": "103",
        "nom_region": "Los Lagos",
        "nom_provin": "Osorno",
        "nom_comuna": "Puerto Octay",
        "ir_google": "https://www.google.cl/maps/dir//-40.972560000000001,-72.883179999999996",
        "simbologia": "Hospitales y Unidades de Hospitalización"
      },
      "geometry": {
        "type": "Point",
        "coordinates": [
          -72.88318,
          -40.97256
        ]
      }
    },
    {
      "type": "Feature",
      "properties": {
        "cod_ant": "23-428",
        "cod_vig": 123428.0,
        "cod_m_ant": null,
        "cod_m_nuev": 0.0,
        "cod_reg": 10.0,
        "nom_reg": "Región de Los Lagos",
        "cod_dep": 23.0,
        "dependenc": "Servicio de Salud Osorno",
        "pertenenci": "Perteneciente al Sistema Nacional de Servicios de Salud",
        "tipo": "Posta de Salud Rural (PSR)",
        "ambito": "Establecimiento de Salud",
        "nombre": "Posta de Salud Rural Coihueco (Puerto Octay)",
        "certifi": "No Aplica",
        "dep_adm": "Municipal",
        "nivel": "Primario",
        "cod_com": "10302",
        "nom_com": "Puerto Octay",
        "via": "Calle",
        "numero": 0.0,
        "direccion": "Sector Coihueco",
        "fono": 0.0,
        "f_inicio": 38716.0,
        "urgencia": "NO",
        "tipo_urge": "No Aplica",
        "clas_sapu": "No Aplica",
        "latitud": -40.97189,
        "longitud": -72.5846,
        "prestador": "Público",
        "estado": "Vigente en operación habitual",
        "complejida": "Baja Complejidad",
        "tipo_aten": "Atención Abierta-Ambulatoria",
        "cut_comuna": "10302",
        "cut_region": "10",
        "cut_provin": "103",
        "nom_region": "Los Lagos",
        "nom_provin": "Osorno",
        "nom_comuna": "Puerto Octay",
        "ir_google": "https://www.google.cl/maps/dir//-40.971890000000002,-72.584599999999995",
        "simbologia": "Atención Primaria de Salud (APS)"
      },
      "geometry": {
        "type": "Point",
        "coordinates": [
          -72.5846,
          -40.97189
        ]
      }
    },
    {
      "type": "Feature",
      "properties": {
        "cod_ant": "23-411",
        "cod_vig": 123411.0,
        "cod_m_ant": "23-307",
        "cod_m_nuev": 123307.0,
        "cod_reg": 10.0,
        "nom_reg": "Región de Los Lagos",
        "cod_dep": 23.0,
        "dependenc": "Servicio de Salud Osorno",
        "pertenenci": "Perteneciente al Sistema Nacional de Servicios de Salud",
        "tipo": "Centro Comunitario de Salud Familiar (CECOSF)",
        "ambito": "Establecimiento de Salud",
        "nombre": "Centro Comunitario de Salud Familiar Corte Alto",
        "certifi": "No Aplica",
        "dep_adm": "Municipal",
        "nivel": "Primario",
        "cod_com": "10303",
        "nom_com": "Purranque",
        "via": "Calle",
        "numero": 326.0,
        "direccion": "Vicuña Mackena",
        "fono": 944063944.0,
        "f_inicio": 38716.0,
        "urgencia": "NO",
        "tipo_urge": "No Aplica",
        "clas_sapu": "No Aplica",
        "latitud": -40.954439,
        "longitud": -73.161536,
        "prestador": "Público",
        "estado": "Vigente en operación habitual",
        "complejida": "Baja Complejidad",
        "tipo_aten": "Atención Abierta-Ambulatoria",
        "cut_comuna": "10303",
        "cut_region": "10",
        "cut_provin": "103",
        "nom_region": "Los Lagos",
        "nom_provin": "Osorno",
        "nom_comuna": "Purranque",
        "ir_google": "https://www.google.cl/maps/dir//-40.954439000000001,-73.161535999999998",
        "simbologia": "Atención Primaria de Salud (APS)"
      },
      "geometry": {
        "type": "Point",
        "coordinates": [
          -73.161536,
          -40.954439
        ]
      }
    },
    {
      "type": "Feature",
      "properties": {
        "cod_ant": "23-413",
        "cod_vig": 123413.0,
        "cod_m_ant": null,
        "cod_m_nuev": 0.0,
        "cod_reg": 10.0,
        "nom_reg": "Región de Los Lagos",
        "cod_dep": 23.0,
        "dependenc": "Servicio de Salud Osorno",
        "pertenenci": "Perteneciente al Sistema Nacional de Servicios de Salud",
        "tipo": "Posta de Salud Rural (PSR)",
        "ambito": "Establecimiento de Salud",
        "nombre": "Posta de Salud Rural Coligual",
        "certifi": "No Aplica",
        "dep_adm": "Municipal",
        "nivel": "Primario",
        "cod_com": "10303",
        "nom_com": "Purranque",
        "via": "Calle",
        "numero": 0.0,
        "direccion": "Caserío de Coligual",
        "fono": 0.0,
        "f_inicio": 38716.0,
        "urgencia": "NO",
        "tipo_urge": "No Aplica",
        "clas_sapu": "No Aplica",
        "latitud": -40.93519,
        "longitud": -73.47159,
        "prestador": "Público",
        "estado": "Vigente en operación habitual",
        "complejida": "Baja Complejidad",
        "tipo_aten": "Atención Abierta-Ambulatoria",
        "cut_comuna": "10303",
        "cut_region": "10",
        "cut_provin": "103",
        "nom_region": "Los Lagos",
        "nom_provin": "Osorno",
        "nom_comuna": "Purranque",
        "ir_google": "https://www.google.cl/maps/dir//-40.935189999999999,-73.471590000000006",
        "simbologia": "Atención Primaria de Salud (APS)"
      },
      "geometry": {
        "type": "Point",
        "coordinates": [
          -73.47159,
          -40.93519
        ]
      }
    },
    {
      "type": "Feature",
      "properties": {
        "cod_ant": "23-414",
        "cod_vig": 123414.0,
        "cod_m_ant": null,
        "cod_m_nuev": 0.0,
        "cod_reg": 10.0,
        "nom_reg": "Región de Los Lagos",
        "cod_dep": 23.0,
        "dependenc": "Servicio de Salud Osorno",
        "pertenenci": "Perteneciente al Sistema Nacional de Servicios de Salud",
        "tipo": "Posta de Salud Rural (PSR)",
        "ambito": "Establecimiento de Salud",
        "nombre": "Posta de Salud Rural Hueyusca",
        "certifi": "No Aplica",
        "dep_adm": "Municipal",
        "nivel": "Primario",
        "cod_com": "10303",
        "nom_com": "Purranque",
        "via": "Calle",
        "numero": 0.0,
        "direccion": "Calle principal",
        "fono": 0.0,
        "f_inicio": 38716.0,
        "urgencia": "NO",
        "tipo_urge": "No Aplica",
        "clas_sapu": "No Aplica",
        "latitud": -40.93138,
        "longitud": -73.54169,
        "prestador": "Público",
        "estado": "Vigente en operación habitual",
        "complejida": "Baja Complejidad",
        "tipo_aten": "Atención Abierta-Ambulatoria",
        "cut_comuna": "10303",
        "cut_region": "10",
        "cut_provin": "103",
        "nom_region": "Los Lagos",
        "nom_provin": "Osorno",
        "nom_comuna": "Purranque",
        "ir_google": "https://www.google.cl/maps/dir//-40.931379999999997,-73.541690000000003",
        "simbologia": "Atención Primaria de Salud (APS)"
      },
      "geometry": {
        "type": "Point",
        "coordinates": [
          -73.54169,
          -40.93138
        ]
      }
    },
    {
      "type": "Feature",
      "properties": {
        "cod_ant": "23-412",
        "cod_vig": 123412.0,
        "cod_m_ant": null,
        "cod_m_nuev": 0.0,
        "cod_reg": 10.0,
        "nom_reg": "Región de Los Lagos",
        "cod_dep": 23.0,
        "dependenc": "Servicio de Salud Osorno",
        "pertenenci": "Perteneciente al Sistema Nacional de Servicios de Salud",
        "tipo": "Posta de Salud Rural (PSR)",
        "ambito": "Establecimiento de Salud",
        "nombre": "Posta de Salud Rural Crucero ( Purranque)",
        "certifi": "No Aplica",
        "dep_adm": "Municipal",
        "nivel": "Primario",
        "cod_com": "10303",
        "nom_com": "Purranque",
        "via": "Calle",
        "numero": 0.0,
        "direccion": "Caserío de Crucero",
        "fono": 0.0,
        "f_inicio": 38716.0,
        "urgencia": "NO",
        "tipo_urge": "No Aplica",
        "clas_sapu": "No Aplica",
        "latitud": -40.92093,
        "longitud": -73.3485,
        "prestador": "Público",
        "estado": "Vigente en operación habitual",
        "complejida": "Baja Complejidad",
        "tipo_aten": "Atención Abierta-Ambulatoria",
        "cut_comuna": "10303",
        "cut_region": "10",
        "cut_provin": "103",
        "nom_region": "Los Lagos",
        "nom_provin": "Osorno",
        "nom_comuna": "Purranque",
        "ir_google": "https://www.google.cl/maps/dir//-40.920929999999998,-73.348500000000001",
        "simbologia": "Atención Primaria de Salud (APS)"
      },
      "geometry": {
        "type": "Point",
        "coordinates": [
          -73.3485,
          -40.92093
        ]
      }
    },
    {
      "type": "Feature",
      "properties": {
        "cod_ant": "23-419",
        "cod_vig": 123419.0,
        "cod_m_ant": null,
        "cod_m_nuev": 0.0,
        "cod_reg": 10.0,
        "nom_reg": "Región de Los Lagos",
        "cod_dep": 23.0,
        "dependenc": "Servicio de Salud Osorno",
        "pertenenci": "Perteneciente al Sistema Nacional de Servicios de Salud",
        "tipo": "Posta de Salud Rural (PSR)",
        "ambito": "Establecimiento de Salud",
        "nombre": "Posta de Salud Rural San Pedro de Purranque",
        "certifi": "No Aplica",
        "dep_adm": "Municipal",
        "nivel": "Primario",
        "cod_com": "10303",
        "nom_com": "Purranque",
        "via": "Calle",
        "numero": 0.0,
        "direccion": "Sector San Pedro de Purranque",
        "fono": 0.0,
        "f_inicio": 38716.0,
        "urgencia": "NO",
        "tipo_urge": "No Aplica",
        "clas_sapu": "No Aplica",
        "latitud": -40.942171,
        "longitud": -73.866683,
        "prestador": "Público",
        "estado": "Vigente en operación habitual",
        "complejida": "Baja Complejidad",
        "tipo_aten": "Atención Abierta-Ambulatoria",
        "cut_comuna": "10303",
        "cut_region": "10",
        "cut_provin": "103",
        "nom_region": "Los Lagos",
        "nom_provin": "Osorno",
        "nom_comuna": "Purranque",
        "ir_google": "https://www.google.cl/maps/dir//-40.942171000000002,-73.866682999999995",
        "simbologia": "Atención Primaria de Salud (APS)"
      },
      "geometry": {
        "type": "Point",
        "coordinates": [
          -73.866683,
          -40.942171
        ]
      }
    },
    {
      "type": "Feature",
      "properties": {
        "cod_ant": "23-207",
        "cod_vig": 123207.0,
        "cod_m_ant": "23-010",
        "cod_m_nuev": 123010.0,
        "cod_reg": 10.0,
        "nom_reg": "Región de Los Lagos",
        "cod_dep": 23.0,
        "dependenc": "Servicio de Salud Osorno",
        "pertenenci": "Perteneciente al Sistema Nacional de Servicios de Salud",
        "tipo": "Centro de Rehabilitación",
        "ambito": "Establecimiento de Salud",
        "nombre": "Centro de Rehabilitación de Minusválidos",
        "certifi": "No Aplica",
        "dep_adm": "Otra Institución",
        "nivel": "Secundario",
        "cod_com": "10303",
        "nom_com": "Purranque",
        "via": "Calle",
        "numero": 0.0,
        "direccion": "Santo Domingo",
        "fono": 642352498.0,
        "f_inicio": 38716.0,
        "urgencia": "NO",
        "tipo_urge": "No Aplica",
        "clas_sapu": "No Aplica",
        "latitud": -40.915925,
        "longitud": -73.152809,
        "prestador": "Público",
        "estado": "Vigente en operación habitual",
        "complejida": "Mediana Complejidad",
        "tipo_aten": "Atención Abierta-Ambulatoria",
        "cut_comuna": "10303",
        "cut_region": "10",
        "cut_provin": "103",
        "nom_region": "Los Lagos",
        "nom_provin": "Osorno",
        "nom_comuna": "Purranque",
        "ir_google": "https://www.google.cl/maps/dir//-40.915925000000001,-73.152809000000005",
        "simbologia": "Centros Especializados y de Diagnóstico"
      },
      "geometry": {
        "type": "Point",
        "coordinates": [
          -73.152809,
          -40.915925
        ]
      }
    },
    {
      "type": "Feature",
      "properties": {
        "cod_ant": "23-101",
        "cod_vig": 123101.0,
        "cod_m_ant": null,
        "cod_m_nuev": 0.0,
        "cod_reg": 10.0,
        "nom_reg": "Región de Los Lagos",
        "cod_dep": 23.0,
        "dependenc": "Servicio de Salud Osorno",
        "pertenenci": "Perteneciente al Sistema Nacional de Servicios de Salud",
        "tipo": "Hospital",
        "ambito": "Establecimiento de Salud",
        "nombre": "Hospital de Purranque Dr. Juan Hepp Dubiau",
        "certifi": "No Aplica",
        "dep_adm": "Servicio de Salud",
        "nivel": "Terciario",
        "cod_com": "10303",
        "nom_com": "Purranque",
        "via": "Calle",
        "numero": 468.0,
        "direccion": "21 de mayo",
        "fono": 642335870.0,
        "f_inicio": 42314.0,
        "urgencia": "SI",
        "tipo_urge": "Urgencia Hospitalaria (UEH)",
        "clas_sapu": "No Aplica",
        "latitud": -40.913644,
        "longitud": -73.153883,
        "prestador": "Público",
        "estado": "Vigente en operación habitual",
        "complejida": "Mediana Complejidad",
        "tipo_aten": "Atención Cerrada-Hospitalaria",
        "cut_comuna": "10303",
        "cut_region": "10",
        "cut_provin": "103",
        "nom_region": "Los Lagos",
        "nom_provin": "Osorno",
        "nom_comuna": "Purranque",
        "ir_google": "https://www.google.cl/maps/dir//-40.913643999999998,-73.153882999999993",
        "simbologia": "Hospitales y Unidades de Hospitalización"
      },
      "geometry": {
        "type": "Point",
        "coordinates": [
          -73.153883,
          -40.913644
        ]
      }
    },
    {
      "type": "Feature",
      "properties": {
        "cod_ant": "23-307",
        "cod_vig": 123307.0,
        "cod_m_ant": null,
        "cod_m_nuev": 0.0,
        "cod_reg": 10.0,
        "nom_reg": "Región de Los Lagos",
        "cod_dep": 23.0,
        "dependenc": "Servicio de Salud Osorno",
        "pertenenci": "Perteneciente al Sistema Nacional de Servicios de Salud",
        "tipo": "Centro de Salud Familiar (CESFAM)",
        "ambito": "Establecimiento de Salud",
        "nombre": "Centro de Salud Familiar Purranque",
        "certifi": "Certificado como CESFAM",
        "dep_adm": "Municipal",
        "nivel": "Primario",
        "cod_com": "10303",
        "nom_com": "Purranque",
        "via": "Calle",
        "numero": 415.0,
        "direccion": "21 de Mayo",
        "fono": 800500017.0,
        "f_inicio": 38716.0,
        "urgencia": "NO",
        "tipo_urge": "No Aplica",
        "clas_sapu": "No Aplica",
        "latitud": -40.91304,
        "longitud": -73.15482,
        "prestador": "Público",
        "estado": "Vigente en operación habitual",
        "complejida": "Baja Complejidad",
        "tipo_aten": "Atención Abierta-Ambulatoria",
        "cut_comuna": "10303",
        "cut_region": "10",
        "cut_provin": "103",
        "nom_region": "Los Lagos",
        "nom_provin": "Osorno",
        "nom_comuna": "Purranque",
        "ir_google": "https://www.google.cl/maps/dir//-40.913040000000002,-73.154820000000001",
        "simbologia": "Atención Primaria de Salud (APS)"
      },
      "geometry": {
        "type": "Point",
        "coordinates": [
          -73.15482,
          -40.91304
        ]
      }
    },
    {
      "type": "Feature",
      "properties": {
        "cod_ant": "23-904",
        "cod_vig": 200455.0,
        "cod_m_ant": "23-307",
        "cod_m_nuev": 123307.0,
        "cod_reg": 10.0,
        "nom_reg": "Región de Los Lagos",
        "cod_dep": 23.0,
        "dependenc": "Servicio de Salud Osorno",
        "pertenenci": "Perteneciente al Sistema Nacional de Servicios de Salud",
        "tipo": "Centro Comunitario de Salud Familiar (CECOSF)",
        "ambito": "Establecimiento de Salud",
        "nombre": "Centro Comunitario de Salud Familiar Barrio Estación",
        "certifi": "No Aplica",
        "dep_adm": "Municipal",
        "nivel": "Primario",
        "cod_com": "10303",
        "nom_com": "Purranque",
        "via": "Calle",
        "numero": 0.0,
        "direccion": "Crucero",
        "fono": 642351111.0,
        "f_inicio": 43167.0,
        "urgencia": "NO",
        "tipo_urge": "No Aplica",
        "clas_sapu": "No Aplica",
        "latitud": -40.91027,
        "longitud": -73.17209,
        "prestador": "Público",
        "estado": "Vigente en operación habitual",
        "complejida": "Baja Complejidad",
        "tipo_aten": "Atención Abierta-Ambulatoria",
        "cut_comuna": "10303",
        "cut_region": "10",
        "cut_provin": "103",
        "nom_region": "Los Lagos",
        "nom_provin": "Osorno",
        "nom_comuna": "Purranque",
        "ir_google": "https://www.google.cl/maps/dir//-40.910269999999997,-73.172089999999997",
        "simbologia": "Atención Primaria de Salud (APS)"
      },
      "geometry": {
        "type": "Point",
        "coordinates": [
          -73.17209,
          -40.91027
        ]
      }
    },
    {
      "type": "Feature",
      "properties": {
        "cod_ant": "23-424",
        "cod_vig": 123424.0,
        "cod_m_ant": null,
        "cod_m_nuev": 0.0,
        "cod_reg": 10.0,
        "nom_reg": "Región de Los Lagos",
        "cod_dep": 23.0,
        "dependenc": "Servicio de Salud Osorno",
        "pertenenci": "Perteneciente al Sistema Nacional de Servicios de Salud",
        "tipo": "Posta de Salud Rural (PSR)",
        "ambito": "Establecimiento de Salud",
        "nombre": "Posta de Salud Rural Piedras Negras",
        "certifi": "No Aplica",
        "dep_adm": "Municipal",
        "nivel": "Primario",
        "cod_com": "10302",
        "nom_com": "Puerto Octay",
        "via": "Calle",
        "numero": 0.0,
        "direccion": "Caserío de Piedras Negras",
        "fono": 0.0,
        "f_inicio": 38716.0,
        "urgencia": "NO",
        "tipo_urge": "No Aplica",
        "clas_sapu": "No Aplica",
        "latitud": -40.88598,
        "longitud": -72.47821,
        "prestador": "Público",
        "estado": "Vigente en operación habitual",
        "complejida": "Baja Complejidad",
        "tipo_aten": "Atención Abierta-Ambulatoria",
        "cut_comuna": "10302",
        "cut_region": "10",
        "cut_provin": "103",
        "nom_region": "Los Lagos",
        "nom_provin": "Osorno",
        "nom_comuna": "Puerto Octay",
        "ir_google": "https://www.google.cl/maps/dir//-40.885980000000004,-72.478210000000004",
        "simbologia": "Atención Primaria de Salud (APS)"
      },
      "geometry": {
        "type": "Point",
        "coordinates": [
          -72.47821,
          -40.88598
        ]
      }
    },
    {
      "type": "Feature",
      "properties": {
        "cod_ant": "23-422",
        "cod_vig": 123422.0,
        "cod_m_ant": null,
        "cod_m_nuev": 0.0,
        "cod_reg": 10.0,
        "nom_reg": "Región de Los Lagos",
        "cod_dep": 23.0,
        "dependenc": "Servicio de Salud Osorno",
        "pertenenci": "Perteneciente al Sistema Nacional de Servicios de Salud",
        "tipo": "Posta de Salud Rural (PSR)",
        "ambito": "Establecimiento de Salud",
        "nombre": "Posta de Salud Rural Rupanco",
        "certifi": "No Aplica",
        "dep_adm": "Municipal",
        "nivel": "Primario",
        "cod_com": "10302",
        "nom_com": "Puerto Octay",
        "via": "Calle",
        "numero": 0.0,
        "direccion": "Sector Rupanco",
        "fono": 0.0,
        "f_inicio": 38716.0,
        "urgencia": "NO",
        "tipo_urge": "No Aplica",
        "clas_sapu": "No Aplica",
        "latitud": -40.83015,
        "longitud": -72.89012,
        "prestador": "Público",
        "estado": "Vigente en operación habitual",
        "complejida": "Baja Complejidad",
        "tipo_aten": "Atención Abierta-Ambulatoria",
        "cut_comuna": "10302",
        "cut_region": "10",
        "cut_provin": "103",
        "nom_region": "Los Lagos",
        "nom_provin": "Osorno",
        "nom_comuna": "Puerto Octay",
        "ir_google": "https://www.google.cl/maps/dir//-40.830150000000003,-72.890119999999996",
        "simbologia": "Atención Primaria de Salud (APS)"
      },
      "geometry": {
        "type": "Point",
        "coordinates": [
          -72.89012,
          -40.83015
        ]
      }
    },
    {
      "type": "Feature",
      "properties": {
        "cod_ant": "23-426",
        "cod_vig": 123426.0,
        "cod_m_ant": null,
        "cod_m_nuev": 0.0,
        "cod_reg": 10.0,
        "nom_reg": "Región de Los Lagos",
        "cod_dep": 23.0,
        "dependenc": "Servicio de Salud Osorno",
        "pertenenci": "Perteneciente al Sistema Nacional de Servicios de Salud",
        "tipo": "Posta de Salud Rural (PSR)",
        "ambito": "Establecimiento de Salud",
        "nombre": "Posta de Salud Rural Pellinada",
        "certifi": "No Aplica",
        "dep_adm": "Municipal",
        "nivel": "Primario",
        "cod_com": "10302",
        "nom_com": "Puerto Octay",
        "via": "Calle",
        "numero": 0.0,
        "direccion": "Sector Pellinada",
        "fono": 0.0,
        "f_inicio": 38716.0,
        "urgencia": "NO",
        "tipo_urge": "No Aplica",
        "clas_sapu": "No Aplica",
        "latitud": -40.87358,
        "longitud": -72.5922,
        "prestador": "Público",
        "estado": "Vigente en operación habitual",
        "complejida": "Baja Complejidad",
        "tipo_aten": "Atención Abierta-Ambulatoria",
        "cut_comuna": "10302",
        "cut_region": "10",
        "cut_provin": "103",
        "nom_region": "Los Lagos",
        "nom_provin": "Osorno",
        "nom_comuna": "Puerto Octay",
        "ir_google": "https://www.google.cl/maps/dir//-40.873579999999997,-72.592200000000005",
        "simbologia": "Atención Primaria de Salud (APS)"
      },
      "geometry": {
        "type": "Point",
        "coordinates": [
          -72.5922,
          -40.87358
        ]
      }
    },
    {
      "type": "Feature",
      "properties": {
        "cod_ant": "23-709",
        "cod_vig": 123709.0,
        "cod_m_ant": "23-309",
        "cod_m_nuev": 123309.0,
        "cod_reg": 10.0,
        "nom_reg": "Región de Los Lagos",
        "cod_dep": 23.0,
        "dependenc": "Servicio de Salud Osorno",
        "pertenenci": "Perteneciente al Sistema Nacional de Servicios de Salud",
        "tipo": "Centro Comunitario de Salud Familiar (CECOSF)",
        "ambito": "Establecimiento de Salud",
        "nombre": "Centro Comunitario de Salud Familiar Riachuelo",
        "certifi": "No Aplica",
        "dep_adm": "Municipal",
        "nivel": "Primario",
        "cod_com": "10305",
        "nom_com": "Río Negro",
        "via": "Calle",
        "numero": 295.0,
        "direccion": "Barros Arana",
        "fono": 0.0,
        "f_inicio": 38716.0,
        "urgencia": "NO",
        "tipo_urge": "No Aplica",
        "clas_sapu": "No Aplica",
        "latitud": -40.82118,
        "longitud": -73.3362,
        "prestador": "Público",
        "estado": "Vigente en operación habitual",
        "complejida": "Baja Complejidad",
        "tipo_aten": "Atención Abierta-Ambulatoria",
        "cut_comuna": "10305",
        "cut_region": "10",
        "cut_provin": "103",
        "nom_region": "Los Lagos",
        "nom_provin": "Osorno",
        "nom_comuna": "Río Negro",
        "ir_google": "https://www.google.cl/maps/dir//-40.821179999999998,-73.336200000000005",
        "simbologia": "Atención Primaria de Salud (APS)"
      },
      "geometry": {
        "type": "Point",
        "coordinates": [
          -73.3362,
          -40.82118
        ]
      }
    },
    {
      "type": "Feature",
      "properties": {
        "cod_ant": "23-102",
        "cod_vig": 123102.0,
        "cod_m_ant": null,
        "cod_m_nuev": 0.0,
        "cod_reg": 10.0,
        "nom_reg": "Región de Los Lagos",
        "cod_dep": 23.0,
        "dependenc": "Servicio de Salud Osorno",
        "pertenenci": "Perteneciente al Sistema Nacional de Servicios de Salud",
        "tipo": "Hospital",
        "ambito": "Establecimiento de Salud",
        "nombre": "Hospital de Río Negro",
        "certifi": "No Aplica",
        "dep_adm": "Servicio de Salud",
        "nivel": "Pendiente",
        "cod_com": "10305",
        "nom_com": "Río Negro",
        "via": "Calle",
        "numero": 791.0,
        "direccion": "Arturo Prat",
        "fono": 642336888.0,
        "f_inicio": 42314.0,
        "urgencia": "SI",
        "tipo_urge": "Urgencia Hospitalaria (UEH)",
        "clas_sapu": "No Aplica",
        "latitud": -40.80243,
        "longitud": -73.21653,
        "prestador": "Público",
        "estado": "Vigente en operación habitual",
        "complejida": "Baja Complejidad",
        "tipo_aten": "Atención Cerrada-Hospitalaria",
        "cut_comuna": "10305",
        "cut_region": "10",
        "cut_provin": "103",
        "nom_region": "Los Lagos",
        "nom_provin": "Osorno",
        "nom_comuna": "Río Negro",
        "ir_google": "https://www.google.cl/maps/dir//-40.802430000000001,-73.216530000000006",
        "simbologia": "Hospitales y Unidades de Hospitalización"
      },
      "geometry": {
        "type": "Point",
        "coordinates": [
          -73.21653,
          -40.80243
        ]
      }
    },
    {
      "type": "Feature",
      "properties": {
        "cod_ant": "23-309",
        "cod_vig": 123309.0,
        "cod_m_ant": null,
        "cod_m_nuev": 0.0,
        "cod_reg": 10.0,
        "nom_reg": "Región de Los Lagos",
        "cod_dep": 23.0,
        "dependenc": "Servicio de Salud Osorno",
        "pertenenci": "Perteneciente al Sistema Nacional de Servicios de Salud",
        "tipo": "Centro de Salud Familiar (CESFAM)",
        "ambito": "Establecimiento de Salud",
        "nombre": "Centro de Salud Familiar Practicante Pablo Araya (Ex Río Negro)",
        "certifi": "Certificado como CESFAM",
        "dep_adm": "Municipal",
        "nivel": "Primario",
        "cod_com": "10305",
        "nom_com": "Río Negro",
        "via": "Calle",
        "numero": 0.0,
        "direccion": "Buschmann",
        "fono": 642643110.0,
        "f_inicio": 38716.0,
        "urgencia": "NO",
        "tipo_urge": "No Aplica",
        "clas_sapu": "No Aplica",
        "latitud": -40.79306,
        "longitud": -73.21565,
        "prestador": "Público",
        "estado": "Vigente en operación habitual",
        "complejida": "Baja Complejidad",
        "tipo_aten": "Atención Abierta-Ambulatoria",
        "cut_comuna": "10305",
        "cut_region": "10",
        "cut_provin": "103",
        "nom_region": "Los Lagos",
        "nom_provin": "Osorno",
        "nom_comuna": "Río Negro",
        "ir_google": "https://www.google.cl/maps/dir//-40.793059999999997,-73.215649999999997",
        "simbologia": "Atención Primaria de Salud (APS)"
      },
      "geometry": {
        "type": "Point",
        "coordinates": [
          -73.21565,
          -40.79306
        ]
      }
    },
    {
      "type": "Feature",
      "properties": {
        "cod_ant": "23-410",
        "cod_vig": 123410.0,
        "cod_m_ant": null,
        "cod_m_nuev": 0.0,
        "cod_reg": 10.0,
        "nom_reg": "Región de Los Lagos",
        "cod_dep": 23.0,
        "dependenc": "Servicio de Salud Osorno",
        "pertenenci": "Perteneciente al Sistema Nacional de Servicios de Salud",
        "tipo": "Posta de Salud Rural (PSR)",
        "ambito": "Establecimiento de Salud",
        "nombre": "Posta de Salud Rural Tres Esteros",
        "certifi": "No Aplica",
        "dep_adm": "Municipal",
        "nivel": "Primario",
        "cod_com": "10305",
        "nom_com": "Río Negro",
        "via": "Calle",
        "numero": 0.0,
        "direccion": "Caserío Tras Esteros",
        "fono": 0.0,
        "f_inicio": 38716.0,
        "urgencia": "NO",
        "tipo_urge": "No Aplica",
        "clas_sapu": "No Aplica",
        "latitud": -40.77142,
        "longitud": -73.29243,
        "prestador": "Público",
        "estado": "Vigente en operación habitual",
        "complejida": "Baja Complejidad",
        "tipo_aten": "Atención Abierta-Ambulatoria",
        "cut_comuna": "10305",
        "cut_region": "10",
        "cut_provin": "103",
        "nom_region": "Los Lagos",
        "nom_provin": "Osorno",
        "nom_comuna": "Río Negro",
        "ir_google": "https://www.google.cl/maps/dir//-40.771419999999999,-73.292429999999996",
        "simbologia": "Atención Primaria de Salud (APS)"
      },
      "geometry": {
        "type": "Point",
        "coordinates": [
          -73.29243,
          -40.77142
        ]
      }
    },
    {
      "type": "Feature",
      "properties": {
        "cod_ant": "23-705",
        "cod_vig": 123705.0,
        "cod_m_ant": "23-304",
        "cod_m_nuev": 123304.0,
        "cod_reg": 10.0,
        "nom_reg": "Región de Los Lagos",
        "cod_dep": 23.0,
        "dependenc": "Servicio de Salud Osorno",
        "pertenenci": "Perteneciente al Sistema Nacional de Servicios de Salud",
        "tipo": "Centro Comunitario de Salud Familiar (CECOSF)",
        "ambito": "Establecimiento de Salud",
        "nombre": "Centro Comunitario de Salud Familiar El Encanto",
        "certifi": "No Aplica",
        "dep_adm": "Municipal",
        "nivel": "Primario",
        "cod_com": "10304",
        "nom_com": "Puyehue",
        "via": "Calle",
        "numero": 0.0,
        "direccion": "Caserío el Encanto",
        "fono": 0.0,
        "f_inicio": 38716.0,
        "urgencia": "NO",
        "tipo_urge": "No Aplica",
        "clas_sapu": "No Aplica",
        "latitud": -40.76724,
        "longitud": -72.44009,
        "prestador": "Público",
        "estado": "Vigente en operación habitual",
        "complejida": "Baja Complejidad",
        "tipo_aten": "Atención Abierta-Ambulatoria",
        "cut_comuna": "10304",
        "cut_region": "10",
        "cut_provin": "103",
        "nom_region": "Los Lagos",
        "nom_provin": "Osorno",
        "nom_comuna": "Puyehue",
        "ir_google": "https://www.google.cl/maps/dir//-40.767240000000001,-72.440089999999998",
        "simbologia": "Atención Primaria de Salud (APS)"
      },
      "geometry": {
        "type": "Point",
        "coordinates": [
          -72.44009,
          -40.76724
        ]
      }
    },
    {
      "type": "Feature",
      "properties": {
        "cod_ant": "23-407",
        "cod_vig": 123407.0,
        "cod_m_ant": null,
        "cod_m_nuev": 0.0,
        "cod_reg": 10.0,
        "nom_reg": "Región de Los Lagos",
        "cod_dep": 23.0,
        "dependenc": "Servicio de Salud Osorno",
        "pertenenci": "Perteneciente al Sistema Nacional de Servicios de Salud",
        "tipo": "Posta de Salud Rural (PSR)",
        "ambito": "Establecimiento de Salud",
        "nombre": "Posta de Salud Rural Desagüe Rupanco",
        "certifi": "No Aplica",
        "dep_adm": "Municipal",
        "nivel": "Primario",
        "cod_com": "10304",
        "nom_com": "Puyehue",
        "via": "Calle",
        "numero": 0.0,
        "direccion": "Sector Desagüe Rupanco",
        "fono": 0.0,
        "f_inicio": 38716.0,
        "urgencia": "NO",
        "tipo_urge": "No Aplica",
        "clas_sapu": "No Aplica",
        "latitud": -40.762064,
        "longitud": -72.679532,
        "prestador": "Público",
        "estado": "Vigente en operación habitual",
        "complejida": "Baja Complejidad",
        "tipo_aten": "Atención Abierta-Ambulatoria",
        "cut_comuna": "10304",
        "cut_region": "10",
        "cut_provin": "103",
        "nom_region": "Los Lagos",
        "nom_provin": "Osorno",
        "nom_comuna": "Puyehue",
        "ir_google": "https://www.google.cl/maps/dir//-40.762064000000002,-72.679531999999995",
        "simbologia": "Atención Primaria de Salud (APS)"
      },
      "geometry": {
        "type": "Point",
        "coordinates": [
          -72.679532,
          -40.762064
        ]
      }
    },
    {
      "type": "Feature",
      "properties": {
        "cod_ant": "23-425",
        "cod_vig": 123425.0,
        "cod_m_ant": null,
        "cod_m_nuev": 0.0,
        "cod_reg": 10.0,
        "nom_reg": "Región de Los Lagos",
        "cod_dep": 23.0,
        "dependenc": "Servicio de Salud Osorno",
        "pertenenci": "Perteneciente al Sistema Nacional de Servicios de Salud",
        "tipo": "Posta de Salud Rural (PSR)",
        "ambito": "Establecimiento de Salud",
        "nombre": "Posta de Salud Rural Cancura",
        "certifi": "No Aplica",
        "dep_adm": "Municipal",
        "nivel": "Primario",
        "cod_com": "10301",
        "nom_com": "Osorno",
        "via": "Calle",
        "numero": 0.0,
        "direccion": "Aldea de Cancura",
        "fono": 0.0,
        "f_inicio": 38716.0,
        "urgencia": "NO",
        "tipo_urge": "No Aplica",
        "clas_sapu": "No Aplica",
        "latitud": -40.75995,
        "longitud": -72.96472,
        "prestador": "Público",
        "estado": "Vigente en operación habitual",
        "complejida": "Baja Complejidad",
        "tipo_aten": "Atención Abierta-Ambulatoria",
        "cut_comuna": "10301",
        "cut_region": "10",
        "cut_provin": "103",
        "nom_region": "Los Lagos",
        "nom_provin": "Osorno",
        "nom_comuna": "Osorno",
        "ir_google": "https://www.google.cl/maps/dir//-40.759950000000003,-72.96472",
        "simbologia": "Atención Primaria de Salud (APS)"
      },
      "geometry": {
        "type": "Point",
        "coordinates": [
          -72.96472,
          -40.75995
        ]
      }
    },
    {
      "type": "Feature",
      "properties": {
        "cod_ant": "23-404",
        "cod_vig": 123404.0,
        "cod_m_ant": null,
        "cod_m_nuev": 0.0,
        "cod_reg": 10.0,
        "nom_reg": "Región de Los Lagos",
        "cod_dep": 23.0,
        "dependenc": "Servicio de Salud Osorno",
        "pertenenci": "Perteneciente al Sistema Nacional de Servicios de Salud",
        "tipo": "Posta de Salud Rural (PSR)",
        "ambito": "Establecimiento de Salud",
        "nombre": "Posta de Salud Rural Pichi Damas",
        "certifi": "No Aplica",
        "dep_adm": "Municipal",
        "nivel": "Primario",
        "cod_com": "10301",
        "nom_com": "Osorno",
        "via": "Calle",
        "numero": 0.0,
        "direccion": "Sector Pichi Damas",
        "fono": 0.0,
        "f_inicio": 38716.0,
        "urgencia": "NO",
        "tipo_urge": "No Aplica",
        "clas_sapu": "No Aplica",
        "latitud": -40.711748,
        "longitud": -72.888152,
        "prestador": "Público",
        "estado": "Vigente en operación habitual",
        "complejida": "Baja Complejidad",
        "tipo_aten": "Atención Abierta-Ambulatoria",
        "cut_comuna": "10301",
        "cut_region": "10",
        "cut_provin": "103",
        "nom_region": "Los Lagos",
        "nom_provin": "Osorno",
        "nom_comuna": "Osorno",
        "ir_google": "https://www.google.cl/maps/dir//-40.711748,-72.888152000000005",
        "simbologia": "Atención Primaria de Salud (APS)"
      },
      "geometry": {
        "type": "Point",
        "coordinates": [
          -72.888152,
          -40.711748
        ]
      }
    },
    {
      "type": "Feature",
      "properties": {
        "cod_ant": "23-434",
        "cod_vig": 123434.0,
        "cod_m_ant": null,
        "cod_m_nuev": 0.0,
        "cod_reg": 10.0,
        "nom_reg": "Región de Los Lagos",
        "cod_dep": 23.0,
        "dependenc": "Servicio de Salud Osorno",
        "pertenenci": "Perteneciente al Sistema Nacional de Servicios de Salud",
        "tipo": "Posta de Salud Rural (PSR)",
        "ambito": "Establecimiento de Salud",
        "nombre": "Posta de Salud Rural Huilma",
        "certifi": "No Aplica",
        "dep_adm": "Municipal",
        "nivel": "Primario",
        "cod_com": "10305",
        "nom_com": "Río Negro",
        "via": "Calle",
        "numero": 0.0,
        "direccion": "Sector Huilma",
        "fono": 0.0,
        "f_inicio": 38716.0,
        "urgencia": "NO",
        "tipo_urge": "No Aplica",
        "clas_sapu": "No Aplica",
        "latitud": -40.70951,
        "longitud": -73.27102,
        "prestador": "Público",
        "estado": "Vigente en operación habitual",
        "complejida": "Baja Complejidad",
        "tipo_aten": "Atención Abierta-Ambulatoria",
        "cut_comuna": "10305",
        "cut_region": "10",
        "cut_provin": "103",
        "nom_region": "Los Lagos",
        "nom_provin": "Osorno",
        "nom_comuna": "Río Negro",
        "ir_google": "https://www.google.cl/maps/dir//-40.709510000000002,-73.271019999999993",
        "simbologia": "Atención Primaria de Salud (APS)"
      },
      "geometry": {
        "type": "Point",
        "coordinates": [
          -73.27102,
          -40.70951
        ]
      }
    },
    {
      "type": "Feature",
      "properties": {
        "cod_ant": "23-406",
        "cod_vig": 123406.0,
        "cod_m_ant": null,
        "cod_m_nuev": 0.0,
        "cod_reg": 10.0,
        "nom_reg": "Región de Los Lagos",
        "cod_dep": 23.0,
        "dependenc": "Servicio de Salud Osorno",
        "pertenenci": "Perteneciente al Sistema Nacional de Servicios de Salud",
        "tipo": "Posta de Salud Rural (PSR)",
        "ambito": "Establecimiento de Salud",
        "nombre": "Posta de Salud Rural Puyehue",
        "certifi": "No Aplica",
        "dep_adm": "Municipal",
        "nivel": "Primario",
        "cod_com": "10304",
        "nom_com": "Puyehue",
        "via": "Calle",
        "numero": 0.0,
        "direccion": "Sector Puyehue",
        "fono": 0.0,
        "f_inicio": 38716.0,
        "urgencia": "NO",
        "tipo_urge": "No Aplica",
        "clas_sapu": "No Aplica",
        "latitud": -40.696344,
        "longitud": -72.335555,
        "prestador": "Público",
        "estado": "Vigente en operación habitual",
        "complejida": "Baja Complejidad",
        "tipo_aten": "Atención Abierta-Ambulatoria",
        "cut_comuna": "10304",
        "cut_region": "10",
        "cut_provin": "103",
        "nom_region": "Los Lagos",
        "nom_provin": "Osorno",
        "nom_comuna": "Puyehue",
        "ir_google": "https://www.google.cl/maps/dir//-40.696344000000003,-72.335554999999999",
        "simbologia": "Atención Primaria de Salud (APS)"
      },
      "geometry": {
        "type": "Point",
        "coordinates": [
          -72.335555,
          -40.696344
        ]
      }
    },
    {
      "type": "Feature",
      "properties": {
        "cod_ant": "23-408",
        "cod_vig": 123408.0,
        "cod_m_ant": null,
        "cod_m_nuev": 0.0,
        "cod_reg": 10.0,
        "nom_reg": "Región de Los Lagos",
        "cod_dep": 23.0,
        "dependenc": "Servicio de Salud Osorno",
        "pertenenci": "Perteneciente al Sistema Nacional de Servicios de Salud",
        "tipo": "Posta de Salud Rural (PSR)",
        "ambito": "Establecimiento de Salud",
        "nombre": "Posta de Salud Rural Ñadi Pichi-Damas",
        "certifi": "No Aplica",
        "dep_adm": "Municipal",
        "nivel": "Primario",
        "cod_com": "10304",
        "nom_com": "Puyehue",
        "via": "Calle",
        "numero": 0.0,
        "direccion": "Sector Ñadi Pichi-Damas",
        "fono": 0.0,
        "f_inicio": 38716.0,
        "urgencia": "NO",
        "tipo_urge": "No Aplica",
        "clas_sapu": "No Aplica",
        "latitud": -40.685138,
        "longitud": -72.806808,
        "prestador": "Público",
        "estado": "Vigente en operación habitual",
        "complejida": "Baja Complejidad",
        "tipo_aten": "Atención Abierta-Ambulatoria",
        "cut_comuna": "10304",
        "cut_region": "10",
        "cut_provin": "103",
        "nom_region": "Los Lagos",
        "nom_provin": "Osorno",
        "nom_comuna": "Puyehue",
        "ir_google": "https://www.google.cl/maps/dir//-40.685138000000002,-72.806808000000004",
        "simbologia": "Atención Primaria de Salud (APS)"
      },
      "geometry": {
        "type": "Point",
        "coordinates": [
          -72.806808,
          -40.685138
        ]
      }
    },
    {
      "type": "Feature",
      "properties": {
        "cod_ant": "23-304",
        "cod_vig": 123304.0,
        "cod_m_ant": null,
        "cod_m_nuev": 0.0,
        "cod_reg": 10.0,
        "nom_reg": "Región de Los Lagos",
        "cod_dep": 23.0,
        "dependenc": "Servicio de Salud Osorno",
        "pertenenci": "Perteneciente al Sistema Nacional de Servicios de Salud",
        "tipo": "Centro de Salud Familiar (CESFAM)",
        "ambito": "Establecimiento de Salud",
        "nombre": "Centro de Salud Familiar Entre Lagos",
        "certifi": "Certificado como CESFAM",
        "dep_adm": "Municipal",
        "nivel": "Primario",
        "cod_com": "10304",
        "nom_com": "Puyehue",
        "via": "Calle",
        "numero": 0.0,
        "direccion": "Luis Pasteur",
        "fono": 800500300.0,
        "f_inicio": 38716.0,
        "urgencia": "NO",
        "tipo_urge": "No Aplica",
        "clas_sapu": "No Aplica",
        "latitud": -40.6844,
        "longitud": -72.60264,
        "prestador": "Público",
        "estado": "Vigente en operación habitual",
        "complejida": "Baja Complejidad",
        "tipo_aten": "Atención Abierta-Ambulatoria",
        "cut_comuna": "10304",
        "cut_region": "10",
        "cut_provin": "103",
        "nom_region": "Los Lagos",
        "nom_provin": "Osorno",
        "nom_comuna": "Puyehue",
        "ir_google": "https://www.google.cl/maps/dir//-40.684399999999997,-72.602639999999994",
        "simbologia": "Atención Primaria de Salud (APS)"
      },
      "geometry": {
        "type": "Point",
        "coordinates": [
          -72.60264,
          -40.6844
        ]
      }
    },
    {
      "type": "Feature",
      "properties": {
        "cod_ant": "23-910",
        "cod_vig": 200747.0,
        "cod_m_ant": "23-304",
        "cod_m_nuev": 123304.0,
        "cod_reg": 10.0,
        "nom_reg": "Región de Los Lagos",
        "cod_dep": 23.0,
        "dependenc": "Servicio de Salud Osorno",
        "pertenenci": "Perteneciente al Sistema Nacional de Servicios de Salud",
        "tipo": "Servicio de Atención Primaria de Urgencia (SAPU)",
        "ambito": "Establecimiento de Salud",
        "nombre": "SAPU Entre Lagos",
        "certifi": "No Aplica",
        "dep_adm": "Municipal",
        "nivel": "Primario",
        "cod_com": "10304",
        "nom_com": "Puyehue",
        "via": "Calle",
        "numero": 0.0,
        "direccion": "Luis Pasteur",
        "fono": 800500300.0,
        "f_inicio": 0.0,
        "urgencia": "SI",
        "tipo_urge": "Urgencia Ambulatoria (SAPU)",
        "clas_sapu": "Corto",
        "latitud": -40.684258,
        "longitud": -72.602616,
        "prestador": "Público",
        "estado": "Vigente en operación habitual",
        "complejida": "Baja Complejidad",
        "tipo_aten": "Atención Abierta-Ambulatoria",
        "cut_comuna": "10304",
        "cut_region": "10",
        "cut_provin": "103",
        "nom_region": "Los Lagos",
        "nom_provin": "Osorno",
        "nom_comuna": "Puyehue",
        "ir_google": "https://www.google.cl/maps/dir//-40.684258,-72.602615999999998",
        "simbologia": "Servicios de Urgencia de Atención Primaria"
      },
      "geometry": {
        "type": "Point",
        "coordinates": [
          -72.602616,
          -40.684258
        ]
      }
    },
    {
      "type": "Feature",
      "properties": {
        "cod_ant": "23-402",
        "cod_vig": 123402.0,
        "cod_m_ant": null,
        "cod_m_nuev": 0.0,
        "cod_reg": 10.0,
        "nom_reg": "Región de Los Lagos",
        "cod_dep": 23.0,
        "dependenc": "Servicio de Salud Osorno",
        "pertenenci": "Perteneciente al Sistema Nacional de Servicios de Salud",
        "tipo": "Posta de Salud Rural (PSR)",
        "ambito": "Establecimiento de Salud",
        "nombre": "Posta de Salud Rural Cuinco",
        "certifi": "No Aplica",
        "dep_adm": "Municipal",
        "nivel": "Primario",
        "cod_com": "10306",
        "nom_com": "San Juan de la Costa",
        "via": "Calle",
        "numero": 0.0,
        "direccion": "Caserío de Cuinco",
        "fono": 641975321.0,
        "f_inicio": 38716.0,
        "urgencia": "NO",
        "tipo_urge": "No Aplica",
        "clas_sapu": "No Aplica",
        "latitud": -40.648506,
        "longitud": -73.459478,
        "prestador": "Público",
        "estado": "Vigente en operación habitual",
        "complejida": "Baja Complejidad",
        "tipo_aten": "Atención Abierta-Ambulatoria",
        "cut_comuna": "10306",
        "cut_region": "10",
        "cut_provin": "103",
        "nom_region": "Los Lagos",
        "nom_provin": "Osorno",
        "nom_comuna": "San Juan de la Costa",
        "ir_google": "https://www.google.cl/maps/dir//-40.648505999999998,-73.459478000000004",
        "simbologia": "Atención Primaria de Salud (APS)"
      },
      "geometry": {
        "type": "Point",
        "coordinates": [
          -73.459478,
          -40.648506
        ]
      }
    },
    {
      "type": "Feature",
      "properties": {
        "cod_ant": "23-312",
        "cod_vig": 123312.0,
        "cod_m_ant": null,
        "cod_m_nuev": 0.0,
        "cod_reg": 10.0,
        "nom_reg": "Región de Los Lagos",
        "cod_dep": 23.0,
        "dependenc": "Servicio de Salud Osorno",
        "pertenenci": "Perteneciente al Sistema Nacional de Servicios de Salud",
        "tipo": "Centro de Salud Familiar (CESFAM)",
        "ambito": "Establecimiento de Salud",
        "nombre": "Centro de Salud Familiar Puaucho",
        "certifi": "Certificado como CESFAM",
        "dep_adm": "Municipal",
        "nivel": "Primario",
        "cod_com": "10306",
        "nom_com": "San Juan de la Costa",
        "via": "Calle",
        "numero": 0.0,
        "direccion": "Norte Sur",
        "fono": 642336930.0,
        "f_inicio": 38716.0,
        "urgencia": "NO",
        "tipo_urge": "No Aplica",
        "clas_sapu": "No Aplica",
        "latitud": -40.60509,
        "longitud": -73.46802,
        "prestador": "Público",
        "estado": "Vigente en operación habitual",
        "complejida": "Baja Complejidad",
        "tipo_aten": "Atención Abierta-Ambulatoria",
        "cut_comuna": "10306",
        "cut_region": "10",
        "cut_provin": "103",
        "nom_region": "Los Lagos",
        "nom_provin": "Osorno",
        "nom_comuna": "San Juan de la Costa",
        "ir_google": "https://www.google.cl/maps/dir//-40.605089999999997,-73.468019999999996",
        "simbologia": "Atención Primaria de Salud (APS)"
      },
      "geometry": {
        "type": "Point",
        "coordinates": [
          -73.46802,
          -40.60509
        ]
      }
    },
    {
      "type": "Feature",
      "properties": {
        "cod_ant": "23-913",
        "cod_vig": 200750.0,
        "cod_m_ant": "23-312",
        "cod_m_nuev": 123312.0,
        "cod_reg": 10.0,
        "nom_reg": "Región de Los Lagos",
        "cod_dep": 23.0,
        "dependenc": "Servicio de Salud Osorno",
        "pertenenci": "Perteneciente al Sistema Nacional de Servicios de Salud",
        "tipo": "Servicio de Urgencia Rural (SUR)",
        "ambito": "Establecimiento de Salud",
        "nombre": "SUR Puaucho",
        "certifi": "No Aplica",
        "dep_adm": "Municipal",
        "nivel": "Primario",
        "cod_com": "10306",
        "nom_com": "San Juan de la Costa",
        "via": "Calle",
        "numero": 0.0,
        "direccion": "Norte Sur",
        "fono": 642336930.0,
        "f_inicio": 38716.0,
        "urgencia": "SI",
        "tipo_urge": "Urgencia Ambulatoria (SUR)",
        "clas_sapu": "No Aplica",
        "latitud": -40.605089,
        "longitud": -73.468176,
        "prestador": "Público",
        "estado": "Vigente en operación habitual",
        "complejida": "Baja Complejidad",
        "tipo_aten": "Atención Abierta-Ambulatoria",
        "cut_comuna": "10306",
        "cut_region": "10",
        "cut_provin": "103",
        "nom_region": "Los Lagos",
        "nom_provin": "Osorno",
        "nom_comuna": "San Juan de la Costa",
        "ir_google": "https://www.google.cl/maps/dir//-40.605089,-73.468176",
        "simbologia": "Servicios de Urgencia de Atención Primaria"
      },
      "geometry": {
        "type": "Point",
        "coordinates": [
          -73.468176,
          -40.605089
        ]
      }
    },
    {
      "type": "Feature",
      "properties": {
        "cod_ant": "23-969",
        "cod_vig": 200069.0,
        "cod_m_ant": null,
        "cod_m_nuev": 0.0,
        "cod_reg": 10.0,
        "nom_reg": "Región de Los Lagos",
        "cod_dep": 10.0,
        "dependenc": "SEREMI de Los Lagos",
        "pertenenci": "No perteneciente al Sistema Nacional de Servicios de Salud",
        "tipo": "Centro de Salud Privado",
        "ambito": "Establecimiento de Salud",
        "nombre": "Policlínico de Funcionarios de la Universidad de Los Lagos",
        "certifi": "No Aplica",
        "dep_adm": "Privado",
        "nivel": "Secundario",
        "cod_com": "10301",
        "nom_com": "Osorno",
        "via": "Avenida",
        "numero": 1305.0,
        "direccion": "Fuchsloche",
        "fono": 642333000.0,
        "f_inicio": 40042.0,
        "urgencia": "NO",
        "tipo_urge": "No Aplica",
        "clas_sapu": "No Aplica",
        "latitud": -40.59186,
        "longitud": -73.10399,
        "prestador": "Privado",
        "estado": "Vigente en operación habitual",
        "complejida": "Baja Complejidad",
        "tipo_aten": "Atención Abierta-Ambulatoria",
        "cut_comuna": "10301",
        "cut_region": "10",
        "cut_provin": "103",
        "nom_region": "Los Lagos",
        "nom_provin": "Osorno",
        "nom_comuna": "Osorno",
        "ir_google": "https://www.google.cl/maps/dir//-40.591859999999997,-73.103989999999996",
        "simbologia": "Centros de Salud y Clínicas Privadas"
      },
      "geometry": {
        "type": "Point",
        "coordinates": [
          -73.10399,
          -40.59186
        ]
      }
    },
    {
      "type": "Feature",
      "properties": {
        "cod_ant": "23-801",
        "cod_vig": 123801.0,
        "cod_m_ant": "23-303",
        "cod_m_nuev": 123303.0,
        "cod_reg": 10.0,
        "nom_reg": "Región de Los Lagos",
        "cod_dep": 23.0,
        "dependenc": "Servicio de Salud Osorno",
        "pertenenci": "Perteneciente al Sistema Nacional de Servicios de Salud",
        "tipo": "Servicio de Atención Primaria de Urgencia (SAPU)",
        "ambito": "Establecimiento de Salud",
        "nombre": "SAPU Rahue Alto",
        "certifi": "No Aplica",
        "dep_adm": "Municipal",
        "nivel": "Primario",
        "cod_com": "10301",
        "nom_com": "Osorno",
        "via": "Calle",
        "numero": 2160.0,
        "direccion": "Real",
        "fono": 642475201.0,
        "f_inicio": 38716.0,
        "urgencia": "SI",
        "tipo_urge": "Urgencia Ambulatoria (SAPU)",
        "clas_sapu": "Corto",
        "latitud": -40.591723,
        "longitud": -73.169948,
        "prestador": "Público",
        "estado": "Vigente en operación habitual",
        "complejida": "Baja Complejidad",
        "tipo_aten": "Atención Abierta-Ambulatoria",
        "cut_comuna": "10301",
        "cut_region": "10",
        "cut_provin": "103",
        "nom_region": "Los Lagos",
        "nom_provin": "Osorno",
        "nom_comuna": "Osorno",
        "ir_google": "https://www.google.cl/maps/dir//-40.591723000000002,-73.169948000000005",
        "simbologia": "Servicios de Urgencia de Atención Primaria"
      },
      "geometry": {
        "type": "Point",
        "coordinates": [
          -73.169948,
          -40.591723
        ]
      }
    },
    {
      "type": "Feature",
      "properties": {
        "cod_ant": "23-303",
        "cod_vig": 123303.0,
        "cod_m_ant": null,
        "cod_m_nuev": 0.0,
        "cod_reg": 10.0,
        "nom_reg": "Región de Los Lagos",
        "cod_dep": 23.0,
        "dependenc": "Servicio de Salud Osorno",
        "pertenenci": "Perteneciente al Sistema Nacional de Servicios de Salud",
        "tipo": "Centro de Salud Familiar (CESFAM)",
        "ambito": "Establecimiento de Salud",
        "nombre": "Centro de Salud Familiar Rahue Alto",
        "certifi": "Certificado como CESFAM",
        "dep_adm": "Municipal",
        "nivel": "Primario",
        "cod_com": "10301",
        "nom_com": "Osorno",
        "via": "Calle",
        "numero": 2160.0,
        "direccion": "Real",
        "fono": 800500307.0,
        "f_inicio": 38716.0,
        "urgencia": "NO",
        "tipo_urge": "No Aplica",
        "clas_sapu": "No Aplica",
        "latitud": -40.5914,
        "longitud": -73.16979,
        "prestador": "Público",
        "estado": "Vigente en operación habitual",
        "complejida": "Baja Complejidad",
        "tipo_aten": "Atención Abierta-Ambulatoria",
        "cut_comuna": "10301",
        "cut_region": "10",
        "cut_provin": "103",
        "nom_region": "Los Lagos",
        "nom_provin": "Osorno",
        "nom_comuna": "Osorno",
        "ir_google": "https://www.google.cl/maps/dir//-40.5914,-73.169790000000006",
        "simbologia": "Atención Primaria de Salud (APS)"
      },
      "geometry": {
        "type": "Point",
        "coordinates": [
          -73.16979,
          -40.5914
        ]
      }
    },
    {
      "type": "Feature",
      "properties": {
        "cod_ant": "23-100",
        "cod_vig": 123100.0,
        "cod_m_ant": null,
        "cod_m_nuev": 0.0,
        "cod_reg": 10.0,
        "nom_reg": "Región de Los Lagos",
        "cod_dep": 23.0,
        "dependenc": "Servicio de Salud Osorno",
        "pertenenci": "Perteneciente al Sistema Nacional de Servicios de Salud",
        "tipo": "Hospital",
        "ambito": "Establecimiento de Salud",
        "nombre": "Hospital Base San José de Osorno",
        "certifi": "Autogestionado en Red ( EAR)",
        "dep_adm": "Servicio de Salud",
        "nivel": "Terciario",
        "cod_com": "10301",
        "nom_com": "Osorno",
        "via": "Calle",
        "numero": 1765.0,
        "direccion": "Guillermo Buhler",
        "fono": 642336200.0,
        "f_inicio": 42314.0,
        "urgencia": "SI",
        "tipo_urge": "Urgencia Hospitalaria (UEH)",
        "clas_sapu": "No Aplica",
        "latitud": -40.5883,
        "longitud": -73.127785,
        "prestador": "Público",
        "estado": "Vigente en operación habitual",
        "complejida": "Alta Complejidad",
        "tipo_aten": "Atención Cerrada-Hospitalaria",
        "cut_comuna": "10301",
        "cut_region": "10",
        "cut_provin": "103",
        "nom_region": "Los Lagos",
        "nom_provin": "Osorno",
        "nom_comuna": "Osorno",
        "ir_google": "https://www.google.cl/maps/dir//-40.588299999999997,-73.127785000000003",
        "simbologia": "Hospitales y Unidades de Hospitalización"
      },
      "geometry": {
        "type": "Point",
        "coordinates": [
          -73.127785,
          -40.5883
        ]
      }
    },
    {
      "type": "Feature",
      "properties": {
        "cod_ant": "23-030",
        "cod_vig": 123030.0,
        "cod_m_ant": "23-010",
        "cod_m_nuev": 123010.0,
        "cod_reg": 10.0,
        "nom_reg": "Región de Los Lagos",
        "cod_dep": 23.0,
        "dependenc": "Servicio de Salud Osorno",
        "pertenenci": "Perteneciente al Sistema Nacional de Servicios de Salud",
        "tipo": "Unidad de Salud Funcionarios",
        "ambito": "Unidad de Atención",
        "nombre": "Unidad de Salud FuncionarioS.S Osorno",
        "certifi": "No Aplica",
        "dep_adm": "Servicio de Salud",
        "nivel": "Secundario",
        "cod_com": "10301",
        "nom_com": "Osorno",
        "via": "Calle",
        "numero": 1756.0,
        "direccion": "Guillermo Bühler",
        "fono": 642336327.0,
        "f_inicio": 38716.0,
        "urgencia": "NO",
        "tipo_urge": "No Aplica",
        "clas_sapu": "No Aplica",
        "latitud": -40.588216,
        "longitud": -73.127054,
        "prestador": "Público",
        "estado": "Vigente en operación habitual",
        "complejida": "Baja Complejidad",
        "tipo_aten": "Atención Abierta-Ambulatoria",
        "cut_comuna": "10301",
        "cut_region": "10",
        "cut_provin": "103",
        "nom_region": "Los Lagos",
        "nom_provin": "Osorno",
        "nom_comuna": "Osorno",
        "ir_google": "https://www.google.cl/maps/dir//-40.588216000000003,-73.127054000000001",
        "simbologia": "Programas y Dispositivos Especiales"
      },
      "geometry": {
        "type": "Point",
        "coordinates": [
          -73.127054,
          -40.588216
        ]
      }
    },
    {
      "type": "Feature",
      "properties": {
        "cod_ant": "23-700",
        "cod_vig": 123700.0,
        "cod_m_ant": "23-303",
        "cod_m_nuev": 123303.0,
        "cod_reg": 10.0,
        "nom_reg": "Región de Los Lagos",
        "cod_dep": 23.0,
        "dependenc": "Servicio de Salud Osorno",
        "pertenenci": "Perteneciente al Sistema Nacional de Servicios de Salud",
        "tipo": "Centro Comunitario de Salud Familiar (CECOSF)",
        "ambito": "Establecimiento de Salud",
        "nombre": "Centro Comunitario de Salud Familiar Murrinumo",
        "certifi": "No Aplica",
        "dep_adm": "Municipal",
        "nivel": "Primario",
        "cod_com": "10301",
        "nom_com": "Osorno",
        "via": "Pasaje",
        "numero": 2390.0,
        "direccion": "Camarico, Sector Murrinumo Rahue Alto",
        "fono": 642570460.0,
        "f_inicio": 38716.0,
        "urgencia": "NO",
        "tipo_urge": "No Aplica",
        "clas_sapu": "No Aplica",
        "latitud": -40.58792,
        "longitud": -73.18242,
        "prestador": "Público",
        "estado": "Vigente en operación habitual",
        "complejida": "Baja Complejidad",
        "tipo_aten": "Atención Abierta-Ambulatoria",
        "cut_comuna": "10301",
        "cut_region": "10",
        "cut_provin": "103",
        "nom_region": "Los Lagos",
        "nom_provin": "Osorno",
        "nom_comuna": "Osorno",
        "ir_google": "https://www.google.cl/maps/dir//-40.587919999999997,-73.182419999999993",
        "simbologia": "Atención Primaria de Salud (APS)"
      },
      "geometry": {
        "type": "Point",
        "coordinates": [
          -73.18242,
          -40.58792
        ]
      }
    },
    {
      "type": "Feature",
      "properties": {
        "cod_ant": "23-311",
        "cod_vig": 123311.0,
        "cod_m_ant": null,
        "cod_m_nuev": 0.0,
        "cod_reg": 10.0,
        "nom_reg": "Región de Los Lagos",
        "cod_dep": 23.0,
        "dependenc": "Servicio de Salud Osorno",
        "pertenenci": "Perteneciente al Sistema Nacional de Servicios de Salud",
        "tipo": "Centro de Salud Familiar (CESFAM)",
        "ambito": "Establecimiento de Salud",
        "nombre": "Centro de Salud Familiar Bahía Mansa",
        "certifi": "Certificado como CESFAM",
        "dep_adm": "Municipal",
        "nivel": "Primario",
        "cod_com": "10306",
        "nom_com": "San Juan de la Costa",
        "via": "Calle",
        "numero": 0.0,
        "direccion": "Bahía Mansa",
        "fono": 642375364.0,
        "f_inicio": 38716.0,
        "urgencia": "NO",
        "tipo_urge": "No Aplica",
        "clas_sapu": "No Aplica",
        "latitud": -40.5867,
        "longitud": -73.73336,
        "prestador": "Público",
        "estado": "Vigente en operación habitual",
        "complejida": "Baja Complejidad",
        "tipo_aten": "Atención Abierta-Ambulatoria",
        "cut_comuna": "10306",
        "cut_region": "10",
        "cut_provin": "103",
        "nom_region": "Los Lagos",
        "nom_provin": "Osorno",
        "nom_comuna": "San Juan de la Costa",
        "ir_google": "https://www.google.cl/maps/dir//-40.5867,-73.733360000000005",
        "simbologia": "Atención Primaria de Salud (APS)"
      },
      "geometry": {
        "type": "Point",
        "coordinates": [
          -73.73336,
          -40.5867
        ]
      }
    },
    {
      "type": "Feature",
      "properties": {
        "cod_ant": "23-912",
        "cod_vig": 200749.0,
        "cod_m_ant": "23-311",
        "cod_m_nuev": 123311.0,
        "cod_reg": 10.0,
        "nom_reg": "Región de Los Lagos",
        "cod_dep": 23.0,
        "dependenc": "Servicio de Salud Osorno",
        "pertenenci": "Perteneciente al Sistema Nacional de Servicios de Salud",
        "tipo": "Servicio de Urgencia Rural (SUR)",
        "ambito": "Establecimiento de Salud",
        "nombre": "SUR Bahía Mansa",
        "certifi": "No Aplica",
        "dep_adm": "Municipal",
        "nivel": "Primario",
        "cod_com": "10306",
        "nom_com": "San Juan de la Costa",
        "via": "Calle",
        "numero": 0.0,
        "direccion": "Bahía Mansa",
        "fono": 642375364.0,
        "f_inicio": 38716.0,
        "urgencia": "SI",
        "tipo_urge": "Urgencia Ambulatoria (SUR)",
        "clas_sapu": "No Aplica",
        "latitud": -40.5867,
        "longitud": -73.73336,
        "prestador": "Público",
        "estado": "Vigente en operación habitual",
        "complejida": "Baja Complejidad",
        "tipo_aten": "Atención Abierta-Ambulatoria",
        "cut_comuna": "10306",
        "cut_region": "10",
        "cut_provin": "103",
        "nom_region": "Los Lagos",
        "nom_provin": "Osorno",
        "nom_comuna": "San Juan de la Costa",
        "ir_google": "https://www.google.cl/maps/dir//-40.5867,-73.733360000000005",
        "simbologia": "Servicios de Urgencia de Atención Primaria"
      },
      "geometry": {
        "type": "Point",
        "coordinates": [
          -73.73336,
          -40.5867
        ]
      }
    },
    {
      "type": "Feature",
      "properties": {
        "cod_ant": "23-205",
        "cod_vig": 123205.0,
        "cod_m_ant": null,
        "cod_m_nuev": 0.0,
        "cod_reg": 10.0,
        "nom_reg": "Región de Los Lagos",
        "cod_dep": 10.0,
        "dependenc": "SEREMI de Los Lagos",
        "pertenenci": "No perteneciente al Sistema Nacional de Servicios de Salud",
        "tipo": "Centro de Salud Privado",
        "ambito": "Establecimiento de Salud",
        "nombre": "Centro de Salud Mutual CChC Osorno",
        "certifi": "No Aplica",
        "dep_adm": "Privado",
        "nivel": "Secundario",
        "cod_com": "10301",
        "nom_com": "Osorno",
        "via": "Calle",
        "numero": 1756.0,
        "direccion": "Guillermo Buhler",
        "fono": 642422666.0,
        "f_inicio": 39814.0,
        "urgencia": "NO",
        "tipo_urge": "No Aplica",
        "clas_sapu": "No Aplica",
        "latitud": -40.586606,
        "longitud": -73.127335,
        "prestador": "Privado",
        "estado": "Vigente en operación habitual",
        "complejida": "Baja Complejidad",
        "tipo_aten": "Atención Abierta-Ambulatoria",
        "cut_comuna": "10301",
        "cut_region": "10",
        "cut_provin": "103",
        "nom_region": "Los Lagos",
        "nom_provin": "Osorno",
        "nom_comuna": "Osorno",
        "ir_google": "https://www.google.cl/maps/dir//-40.586606000000003,-73.127335000000002",
        "simbologia": "Centros de Salud y Clínicas Privadas"
      },
      "geometry": {
        "type": "Point",
        "coordinates": [
          -73.127335,
          -40.586606
        ]
      }
    },
    {
      "type": "Feature",
      "properties": {
        "cod_ant": "23-302",
        "cod_vig": 123302.0,
        "cod_m_ant": null,
        "cod_m_nuev": 0.0,
        "cod_reg": 10.0,
        "nom_reg": "Región de Los Lagos",
        "cod_dep": 23.0,
        "dependenc": "Servicio de Salud Osorno",
        "pertenenci": "Perteneciente al Sistema Nacional de Servicios de Salud",
        "tipo": "Centro de Salud Familiar (CESFAM)",
        "ambito": "Establecimiento de Salud",
        "nombre": "Centro de Salud Familiar Ovejería",
        "certifi": "Certificado como CESFAM",
        "dep_adm": "Municipal",
        "nivel": "Primario",
        "cod_com": "10301",
        "nom_com": "Osorno",
        "via": "Calle",
        "numero": 602.0,
        "direccion": "Martín Ruiz de Gamboa",
        "fono": 800500015.0,
        "f_inicio": 38716.0,
        "urgencia": "NO",
        "tipo_urge": "No Aplica",
        "clas_sapu": "No Aplica",
        "latitud": -40.58552,
        "longitud": -73.14987,
        "prestador": "Público",
        "estado": "Vigente en operación habitual",
        "complejida": "Baja Complejidad",
        "tipo_aten": "Atención Abierta-Ambulatoria",
        "cut_comuna": "10301",
        "cut_region": "10",
        "cut_provin": "103",
        "nom_region": "Los Lagos",
        "nom_provin": "Osorno",
        "nom_comuna": "Osorno",
        "ir_google": "https://www.google.cl/maps/dir//-40.585520000000002,-73.149870000000007",
        "simbologia": "Atención Primaria de Salud (APS)"
      },
      "geometry": {
        "type": "Point",
        "coordinates": [
          -73.14987,
          -40.58552
        ]
      }
    },
    {
      "type": "Feature",
      "properties": {
        "cod_ant": "23-213",
        "cod_vig": 123213.0,
        "cod_m_ant": null,
        "cod_m_nuev": 0.0,
        "cod_reg": 10.0,
        "nom_reg": "Región de Los Lagos",
        "cod_dep": 10.0,
        "dependenc": "SEREMI de Los Lagos",
        "pertenenci": "No perteneciente al Sistema Nacional de Servicios de Salud",
        "tipo": "Centro de Salud Privado",
        "ambito": "Establecimiento de Salud",
        "nombre": "Clínica Oftalmológica Survisión",
        "certifi": "No Aplica",
        "dep_adm": "Privado",
        "nivel": "Secundario",
        "cod_com": "10301",
        "nom_com": "Osorno",
        "via": "Calle",
        "numero": 1581.0,
        "direccion": "Guillermo Buhler",
        "fono": 0.0,
        "f_inicio": 39814.0,
        "urgencia": "NO",
        "tipo_urge": "No Aplica",
        "clas_sapu": "No Aplica",
        "latitud": -40.584947,
        "longitud": -73.129113,
        "prestador": "Privado",
        "estado": "Vigente en operación habitual",
        "complejida": "Baja Complejidad",
        "tipo_aten": "Atención Abierta-Ambulatoria",
        "cut_comuna": "10301",
        "cut_region": "10",
        "cut_provin": "103",
        "nom_region": "Los Lagos",
        "nom_provin": "Osorno",
        "nom_comuna": "Osorno",
        "ir_google": "https://www.google.cl/maps/dir//-40.584947,-73.129113000000004",
        "simbologia": "Centros de Salud y Clínicas Privadas"
      },
      "geometry": {
        "type": "Point",
        "coordinates": [
          -73.129113,
          -40.584947
        ]
      }
    },
    {
      "type": "Feature",
      "properties": {
        "cod_ant": "23-907",
        "cod_vig": 200539.0,
        "cod_m_ant": null,
        "cod_m_nuev": 0.0,
        "cod_reg": 10.0,
        "nom_reg": "Región de Los Lagos",
        "cod_dep": 23.0,
        "dependenc": "Servicio de Salud Osorno",
        "pertenenci": "Perteneciente al Sistema Nacional de Servicios de Salud",
        "tipo": "Centro de Referencia de Salud (CRS)",
        "ambito": "Establecimiento de Salud",
        "nombre": "Centro Referencia Diagnóstico Médico Osorno",
        "certifi": "No Aplica",
        "dep_adm": "Municipal",
        "nivel": "Secundario",
        "cod_com": "10301",
        "nom_com": "Osorno",
        "via": "Avenida",
        "numero": 1410.0,
        "direccion": "César Ercilla",
        "fono": 642327238.0,
        "f_inicio": 43294.0,
        "urgencia": "NO",
        "tipo_urge": "No Aplica",
        "clas_sapu": "No Aplica",
        "latitud": -40.584519,
        "longitud": -73.119881,
        "prestador": "Público",
        "estado": "Vigente en operación habitual",
        "complejida": "Mediana Complejidad",
        "tipo_aten": "Atención Abierta-Ambulatoria",
        "cut_comuna": "10301",
        "cut_region": "10",
        "cut_provin": "103",
        "nom_region": "Los Lagos",
        "nom_provin": "Osorno",
        "nom_comuna": "Osorno",
        "ir_google": "https://www.google.cl/maps/dir//-40.584519,-73.119881000000007",
        "simbologia": "Centros Especializados y de Diagnóstico"
      },
      "geometry": {
        "type": "Point",
        "coordinates": [
          -73.119881,
          -40.584519
        ]
      }
    },
    {
      "type": "Feature",
      "properties": {
        "cod_ant": "23-209",
        "cod_vig": 123209.0,
        "cod_m_ant": null,
        "cod_m_nuev": 0.0,
        "cod_reg": 10.0,
        "nom_reg": "Región de Los Lagos",
        "cod_dep": 10.0,
        "dependenc": "SEREMI de Los Lagos",
        "pertenenci": "No perteneciente al Sistema Nacional de Servicios de Salud",
        "tipo": "Clínica",
        "ambito": "Establecimiento de Salud",
        "nombre": "Clínica de la AChS Osorno",
        "certifi": "No Aplica",
        "dep_adm": "Privado",
        "nivel": "No Aplica",
        "cod_com": "10301",
        "nom_com": "Osorno",
        "via": "Avenida",
        "numero": 1529.0,
        "direccion": "Zenteno",
        "fono": 642263262.0,
        "f_inicio": 39814.0,
        "urgencia": "NO",
        "tipo_urge": "No Aplica",
        "clas_sapu": "No Aplica",
        "latitud": -40.584097,
        "longitud": -73.122179,
        "prestador": "Privado",
        "estado": "Vigente en operación habitual",
        "complejida": "Pendiente",
        "tipo_aten": "Atención Abierta-Ambulatoria",
        "cut_comuna": "10301",
        "cut_region": "10",
        "cut_provin": "103",
        "nom_region": "Los Lagos",
        "nom_provin": "Osorno",
        "nom_comuna": "Osorno",
        "ir_google": "https://www.google.cl/maps/dir//-40.584097,-73.122179000000003",
        "simbologia": "Centros de Salud y Clínicas Privadas"
      },
      "geometry": {
        "type": "Point",
        "coordinates": [
          -73.122179,
          -40.584097
        ]
      }
    },
    {
      "type": "Feature",
      "properties": {
        "cod_ant": "23-203",
        "cod_vig": 123203.0,
        "cod_m_ant": null,
        "cod_m_nuev": 0.0,
        "cod_reg": 10.0,
        "nom_reg": "Región de Los Lagos",
        "cod_dep": 10.0,
        "dependenc": "SEREMI de Los Lagos",
        "pertenenci": "No perteneciente al Sistema Nacional de Servicios de Salud",
        "tipo": "Clínica",
        "ambito": "Establecimiento de Salud",
        "nombre": "Clínica Alemana de Osorno",
        "certifi": "No Aplica",
        "dep_adm": "Privado",
        "nivel": "No Aplica",
        "cod_com": "10301",
        "nom_com": "Osorno",
        "via": "Avenida",
        "numero": 1530.0,
        "direccion": "Zenteno",
        "fono": 642454082.0,
        "f_inicio": 39814.0,
        "urgencia": "NO",
        "tipo_urge": "No Aplica",
        "clas_sapu": "No Aplica",
        "latitud": -40.583676,
        "longitud": -73.121051,
        "prestador": "Privado",
        "estado": "Vigente en operación habitual",
        "complejida": "Alta Complejidad",
        "tipo_aten": "Atención Cerrada-Hospitalaria",
        "cut_comuna": "10301",
        "cut_region": "10",
        "cut_provin": "103",
        "nom_region": "Los Lagos",
        "nom_provin": "Osorno",
        "nom_comuna": "Osorno",
        "ir_google": "https://www.google.cl/maps/dir//-40.583675999999997,-73.121050999999994",
        "simbologia": "Centros de Salud y Clínicas Privadas"
      },
      "geometry": {
        "type": "Point",
        "coordinates": [
          -73.121051,
          -40.583676
        ]
      }
    },
    {
      "type": "Feature",
      "properties": {
        "cod_ant": "23-214",
        "cod_vig": 123214.0,
        "cod_m_ant": null,
        "cod_m_nuev": 0.0,
        "cod_reg": 10.0,
        "nom_reg": "Región de Los Lagos",
        "cod_dep": 10.0,
        "dependenc": "SEREMI de Los Lagos",
        "pertenenci": "No perteneciente al Sistema Nacional de Servicios de Salud",
        "tipo": "Centro de Salud Privado",
        "ambito": "Establecimiento de Salud",
        "nombre": "Policlínico Instituto de Seguridad del Trabajo de Osorno",
        "certifi": "No Aplica",
        "dep_adm": "Privado",
        "nivel": "Secundario",
        "cod_com": "10301",
        "nom_com": "Osorno",
        "via": "Calle",
        "numero": 1470.0,
        "direccion": "Hermanos Phillipi",
        "fono": 642238109.0,
        "f_inicio": 39814.0,
        "urgencia": "NO",
        "tipo_urge": "No Aplica",
        "clas_sapu": "No Aplica",
        "latitud": -40.582494,
        "longitud": -73.121277,
        "prestador": "Privado",
        "estado": "Vigente en operación habitual",
        "complejida": "Baja Complejidad",
        "tipo_aten": "Atención Abierta-Ambulatoria",
        "cut_comuna": "10301",
        "cut_region": "10",
        "cut_provin": "103",
        "nom_region": "Los Lagos",
        "nom_provin": "Osorno",
        "nom_comuna": "Osorno",
        "ir_google": "https://www.google.cl/maps/dir//-40.582493999999997,-73.121277000000006",
        "simbologia": "Centros de Salud y Clínicas Privadas"
      },
      "geometry": {
        "type": "Point",
        "coordinates": [
          -73.121277,
          -40.582494
        ]
      }
    },
    {
      "type": "Feature",
      "properties": {
        "cod_ant": "23-215",
        "cod_vig": 123215.0,
        "cod_m_ant": null,
        "cod_m_nuev": 0.0,
        "cod_reg": 10.0,
        "nom_reg": "Región de Los Lagos",
        "cod_dep": 10.0,
        "dependenc": "SEREMI de Los Lagos",
        "pertenenci": "No perteneciente al Sistema Nacional de Servicios de Salud",
        "tipo": "Centro de Diálisis",
        "ambito": "Establecimiento de Salud",
        "nombre": "Centro de Diálisis Dial Sur",
        "certifi": "No Aplica",
        "dep_adm": "Privado",
        "nivel": "No Aplica",
        "cod_com": "10301",
        "nom_com": "Osorno",
        "via": "Calle",
        "numero": 1870.0,
        "direccion": "Barros Arana",
        "fono": 0.0,
        "f_inicio": 39814.0,
        "urgencia": "NO",
        "tipo_urge": "No Aplica",
        "clas_sapu": "No Aplica",
        "latitud": -40.582318,
        "longitud": -73.119205,
        "prestador": "Privado",
        "estado": "Vigente en operación habitual",
        "complejida": "Mediana Complejidad",
        "tipo_aten": "Atención Abierta-Ambulatoria",
        "cut_comuna": "10301",
        "cut_region": "10",
        "cut_provin": "103",
        "nom_region": "Los Lagos",
        "nom_provin": "Osorno",
        "nom_comuna": "Osorno",
        "ir_google": "https://www.google.cl/maps/dir//-40.582318000000001,-73.119204999999994",
        "simbologia": "Servicios de Apoyo Diagnóstico y Terapéutico"
      },
      "geometry": {
        "type": "Point",
        "coordinates": [
          -73.119205,
          -40.582318
        ]
      }
    },
    {
      "type": "Feature",
      "properties": {
        "cod_ant": "23-701",
        "cod_vig": 123701.0,
        "cod_m_ant": "23-301",
        "cod_m_nuev": 123301.0,
        "cod_reg": 10.0,
        "nom_reg": "Región de Los Lagos",
        "cod_dep": 23.0,
        "dependenc": "Servicio de Salud Osorno",
        "pertenenci": "Perteneciente al Sistema Nacional de Servicios de Salud",
        "tipo": "Centro Comunitario de Salud Familiar (CECOSF)",
        "ambito": "Establecimiento de Salud",
        "nombre": "Centro Comunitario de Salud Familiar Manuel Rodríguez",
        "certifi": "No Aplica",
        "dep_adm": "Municipal",
        "nivel": "Primario",
        "cod_com": "10301",
        "nom_com": "Osorno",
        "via": "Calle",
        "numero": 1001.0,
        "direccion": "La Serena",
        "fono": 642226464.0,
        "f_inicio": 38716.0,
        "urgencia": "NO",
        "tipo_urge": "No Aplica",
        "clas_sapu": "No Aplica",
        "latitud": -40.58204,
        "longitud": -73.11421,
        "prestador": "Público",
        "estado": "Vigente en operación habitual",
        "complejida": "Baja Complejidad",
        "tipo_aten": "Atención Abierta-Ambulatoria",
        "cut_comuna": "10301",
        "cut_region": "10",
        "cut_provin": "103",
        "nom_region": "Los Lagos",
        "nom_provin": "Osorno",
        "nom_comuna": "Osorno",
        "ir_google": "https://www.google.cl/maps/dir//-40.582039999999999,-73.11421",
        "simbologia": "Atención Primaria de Salud (APS)"
      },
      "geometry": {
        "type": "Point",
        "coordinates": [
          -73.11421,
          -40.58204
        ]
      }
    },
    {
      "type": "Feature",
      "properties": {
        "cod_ant": "23-987",
        "cod_vig": 200248.0,
        "cod_m_ant": "23-010",
        "cod_m_nuev": 123010.0,
        "cod_reg": 10.0,
        "nom_reg": "Región de Los Lagos",
        "cod_dep": 23.0,
        "dependenc": "Servicio de Salud Osorno",
        "pertenenci": "Perteneciente al Sistema Nacional de Servicios de Salud",
        "tipo": "Centro de Apoyo Comunitario para personas con Demencia",
        "ambito": "Establecimiento de Salud",
        "nombre": "CDR de Adultos Mayores con Demencia",
        "certifi": "No Aplica",
        "dep_adm": "Servicio de Salud",
        "nivel": "Secundario",
        "cod_com": "10301",
        "nom_com": "Osorno",
        "via": "Calle",
        "numero": 1162.0,
        "direccion": "Cochrane",
        "fono": 642335845.0,
        "f_inicio": 42528.0,
        "urgencia": "NO",
        "tipo_urge": "No Aplica",
        "clas_sapu": "No Aplica",
        "latitud": -40.580518,
        "longitud": -73.132034,
        "prestador": "Público",
        "estado": "Vigente en operación habitual",
        "complejida": "Mediana Complejidad",
        "tipo_aten": "Atención Abierta-Ambulatoria",
        "cut_comuna": "10301",
        "cut_region": "10",
        "cut_provin": "103",
        "nom_region": "Los Lagos",
        "nom_provin": "Osorno",
        "nom_comuna": "Osorno",
        "ir_google": "https://www.google.cl/maps/dir//-40.580517999999998,-73.132034000000004",
        "simbologia": "Programas y Dispositivos Especiales"
      },
      "geometry": {
        "type": "Point",
        "coordinates": [
          -73.132034,
          -40.580518
        ]
      }
    },
    {
      "type": "Feature",
      "properties": {
        "cod_ant": "23-905",
        "cod_vig": 200477.0,
        "cod_m_ant": null,
        "cod_m_nuev": 0.0,
        "cod_reg": 10.0,
        "nom_reg": "Región de Los Lagos",
        "cod_dep": 23.0,
        "dependenc": "Servicio de Salud Osorno",
        "pertenenci": "Perteneciente al Sistema Nacional de Servicios de Salud",
        "tipo": "Centro de Salud Mental",
        "ambito": "Establecimiento de Salud",
        "nombre": "Unidad de Memoria AYEKAN",
        "certifi": "No Aplica",
        "dep_adm": "Servicio de Salud",
        "nivel": "Secundario",
        "cod_com": "10301",
        "nom_com": "Osorno",
        "via": "Calle",
        "numero": 1162.0,
        "direccion": "Cochrane",
        "fono": 642337366.0,
        "f_inicio": 43081.0,
        "urgencia": "NO",
        "tipo_urge": "No Aplica",
        "clas_sapu": "No Aplica",
        "latitud": -40.580509,
        "longitud": -73.13198,
        "prestador": "Público",
        "estado": "Vigente en operación habitual",
        "complejida": "Mediana Complejidad",
        "tipo_aten": "Atención Abierta-Ambulatoria",
        "cut_comuna": "10301",
        "cut_region": "10",
        "cut_provin": "103",
        "nom_region": "Los Lagos",
        "nom_provin": "Osorno",
        "nom_comuna": "Osorno",
        "ir_google": "https://www.google.cl/maps/dir//-40.580508999999999,-73.131979999999999",
        "simbologia": "Centros Especializados y de Diagnóstico"
      },
      "geometry": {
        "type": "Point",
        "coordinates": [
          -73.13198,
          -40.580509
        ]
      }
    },
    {
      "type": "Feature",
      "properties": {
        "cod_ant": "23-988",
        "cod_vig": 201055.0,
        "cod_m_ant": null,
        "cod_m_nuev": 0.0,
        "cod_reg": 10.0,
        "nom_reg": "Región de Los Lagos",
        "cod_dep": 23.0,
        "dependenc": "Servicio de Salud Osorno",
        "pertenenci": "Perteneciente al Sistema Nacional de Servicios de Salud",
        "tipo": "Centro de Tratamiento de Adicciones (CTA)",
        "ambito": "Establecimiento de Salud",
        "nombre": "Comunidad Terapéutica Peulla Ambulatoria",
        "certifi": "No Aplica",
        "dep_adm": "Servicio de Salud",
        "nivel": "Secundario",
        "cod_com": "10301",
        "nom_com": "Osorno",
        "via": "Calle",
        "numero": 1615.0,
        "direccion": "Leonardo Da Vinci 1615",
        "fono": 0.0,
        "f_inicio": 42223.0,
        "urgencia": "NO",
        "tipo_urge": "No Aplica",
        "clas_sapu": "No Aplica",
        "latitud": -40.580226,
        "longitud": -73.122844,
        "prestador": "Público",
        "estado": "Vigente en operación habitual",
        "complejida": "Mediana Complejidad",
        "tipo_aten": "Atención Abierta-Ambulatoria",
        "cut_comuna": "10301",
        "cut_region": "10",
        "cut_provin": "103",
        "nom_region": "Los Lagos",
        "nom_provin": "Osorno",
        "nom_comuna": "Osorno",
        "ir_google": "https://www.google.cl/maps/dir//-40.580226000000003,-73.122844000000001",
        "simbologia": "Centros Especializados y de Diagnóstico"
      },
      "geometry": {
        "type": "Point",
        "coordinates": [
          -73.122844,
          -40.580226
        ]
      }
    },
    {
      "type": "Feature",
      "properties": {
        "cod_ant": "23-989",
        "cod_vig": 201056.0,
        "cod_m_ant": null,
        "cod_m_nuev": 0.0,
        "cod_reg": 10.0,
        "nom_reg": "Región de Los Lagos",
        "cod_dep": 23.0,
        "dependenc": "Servicio de Salud Osorno",
        "pertenenci": "Perteneciente al Sistema Nacional de Servicios de Salud",
        "tipo": "Centro de Tratamiento de Adicciones (CTA)",
        "ambito": "Establecimiento de Salud",
        "nombre": "Comunidad Terapéutica Peulla Residencial",
        "certifi": "No Aplica",
        "dep_adm": "Servicio de Salud",
        "nivel": "Secundario",
        "cod_com": "10301",
        "nom_com": "Osorno",
        "via": "Calle",
        "numero": 945.0,
        "direccion": "García Hurtado",
        "fono": 0.0,
        "f_inicio": 42121.0,
        "urgencia": "NO",
        "tipo_urge": "No Aplica",
        "clas_sapu": "No Aplica",
        "latitud": -40.58008,
        "longitud": -73.133478,
        "prestador": "Público",
        "estado": "Vigente en operación habitual",
        "complejida": "Mediana Complejidad",
        "tipo_aten": "Atención Abierta-Ambulatoria",
        "cut_comuna": "10301",
        "cut_region": "10",
        "cut_provin": "103",
        "nom_region": "Los Lagos",
        "nom_provin": "Osorno",
        "nom_comuna": "Osorno",
        "ir_google": "https://www.google.cl/maps/dir//-40.580080000000002,-73.133477999999997",
        "simbologia": "Centros Especializados y de Diagnóstico"
      },
      "geometry": {
        "type": "Point",
        "coordinates": [
          -73.133478,
          -40.58008
        ]
      }
    },
    {
      "type": "Feature",
      "properties": {
        "cod_ant": "23-900",
        "cod_vig": 200507.0,
        "cod_m_ant": null,
        "cod_m_nuev": 0.0,
        "cod_reg": 10.0,
        "nom_reg": "Región de Los Lagos",
        "cod_dep": 10.0,
        "dependenc": "SEREMI de Los Lagos",
        "pertenenci": "No perteneciente al Sistema Nacional de Servicios de Salud",
        "tipo": "Centro de Salud Privado",
        "ambito": "Establecimiento de Salud",
        "nombre": "Policlínico Centro de Cumplimiento Penitenciario de Osorno",
        "certifi": "No Aplica",
        "dep_adm": "Gendamería",
        "nivel": "Secundario",
        "cod_com": "10301",
        "nom_com": "Osorno",
        "via": "Calle",
        "numero": 1399.0,
        "direccion": "Conrado Amthauer",
        "fono": 0.0,
        "f_inicio": 37469.0,
        "urgencia": "NO",
        "tipo_urge": "No Aplica",
        "clas_sapu": "No Aplica",
        "latitud": -40.578964,
        "longitud": -73.126573,
        "prestador": "Fuerzas Armadas y de Orden",
        "estado": "Vigente en operación habitual",
        "complejida": "Baja Complejidad",
        "tipo_aten": "Atención Abierta-Ambulatoria",
        "cut_comuna": "10301",
        "cut_region": "10",
        "cut_provin": "103",
        "nom_region": "Los Lagos",
        "nom_provin": "Osorno",
        "nom_comuna": "Osorno",
        "ir_google": "https://www.google.cl/maps/dir//-40.578963999999999,-73.126572999999993",
        "simbologia": "Centros de Salud y Clínicas Privadas"
      },
      "geometry": {
        "type": "Point",
        "coordinates": [
          -73.126573,
          -40.578964
        ]
      }
    },
    {
      "type": "Feature",
      "properties": {
        "cod_ant": "23-011",
        "cod_vig": 123011.0,
        "cod_m_ant": "23-010",
        "cod_m_nuev": 123010.0,
        "cod_reg": 10.0,
        "nom_reg": "Región de Los Lagos",
        "cod_dep": 23.0,
        "dependenc": "Servicio de Salud Osorno",
        "pertenenci": "Perteneciente al Sistema Nacional de Servicios de Salud",
        "tipo": "Programa de Reparación y Atención Integral de Salud (PRAIS)",
        "ambito": "Programa de Atención",
        "nombre": "PRAIS (S.S Osorno)",
        "certifi": "No Aplica",
        "dep_adm": "Servicio de Salud",
        "nivel": "No Aplica",
        "cod_com": "10301",
        "nom_com": "Osorno",
        "via": "Calle",
        "numero": 448.0,
        "direccion": "Manuel Antonio Matta",
        "fono": 0.0,
        "f_inicio": 38716.0,
        "urgencia": "NO",
        "tipo_urge": "No Aplica",
        "clas_sapu": "No Aplica",
        "latitud": -40.575984,
        "longitud": -73.129556,
        "prestador": "Público",
        "estado": "Vigente en operación habitual",
        "complejida": "Baja Complejidad",
        "tipo_aten": "Atención Abierta-Ambulatoria",
        "cut_comuna": "10301",
        "cut_region": "10",
        "cut_provin": "103",
        "nom_region": "Los Lagos",
        "nom_provin": "Osorno",
        "nom_comuna": "Osorno",
        "ir_google": "https://www.google.cl/maps/dir//-40.575983999999998,-73.129555999999994",
        "simbologia": "Programas y Dispositivos Especiales"
      },
      "geometry": {
        "type": "Point",
        "coordinates": [
          -73.129556,
          -40.575984
        ]
      }
    },
    {
      "type": "Feature",
      "properties": {
        "cod_ant": "23-970",
        "cod_vig": 200070.0,
        "cod_m_ant": null,
        "cod_m_nuev": 0.0,
        "cod_reg": 10.0,
        "nom_reg": "Región de Los Lagos",
        "cod_dep": 10.0,
        "dependenc": "SEREMI de Los Lagos",
        "pertenenci": "No perteneciente al Sistema Nacional de Servicios de Salud",
        "tipo": "Centro de Salud Privado",
        "ambito": "Establecimiento de Salud",
        "nombre": "Centro Médico Osorno Salud",
        "certifi": "No Aplica",
        "dep_adm": "Privado",
        "nivel": "Secundario",
        "cod_com": "10301",
        "nom_com": "Osorno",
        "via": "Calle",
        "numero": 781.0,
        "direccion": "Colón",
        "fono": 642222022.0,
        "f_inicio": 37560.0,
        "urgencia": "NO",
        "tipo_urge": "No Aplica",
        "clas_sapu": "No Aplica",
        "latitud": -40.575801,
        "longitud": -73.128219,
        "prestador": "Privado",
        "estado": "Vigente en operación habitual",
        "complejida": "Baja Complejidad",
        "tipo_aten": "Atención Abierta-Ambulatoria",
        "cut_comuna": "10301",
        "cut_region": "10",
        "cut_provin": "103",
        "nom_region": "Los Lagos",
        "nom_provin": "Osorno",
        "nom_comuna": "Osorno",
        "ir_google": "https://www.google.cl/maps/dir//-40.575800999999998,-73.128219000000001",
        "simbologia": "Centros de Salud y Clínicas Privadas"
      },
      "geometry": {
        "type": "Point",
        "coordinates": [
          -73.128219,
          -40.575801
        ]
      }
    },
    {
      "type": "Feature",
      "properties": {
        "cod_ant": "23-206",
        "cod_vig": 123206.0,
        "cod_m_ant": null,
        "cod_m_nuev": 0.0,
        "cod_reg": 10.0,
        "nom_reg": "Región de Los Lagos",
        "cod_dep": 10.0,
        "dependenc": "SEREMI de Los Lagos",
        "pertenenci": "No perteneciente al Sistema Nacional de Servicios de Salud",
        "tipo": "Centro de Salud Privado",
        "ambito": "Establecimiento de Salud",
        "nombre": "MegaSalud S.A. Centro Médico y Dental Osorno",
        "certifi": "No Aplica",
        "dep_adm": "Privado",
        "nivel": "No Aplica",
        "cod_com": "10301",
        "nom_com": "Osorno",
        "via": "Calle",
        "numero": 791.0,
        "direccion": "Bernardo O'Higgins",
        "fono": 642269508.0,
        "f_inicio": 39814.0,
        "urgencia": "NO",
        "tipo_urge": "No Aplica",
        "clas_sapu": "No Aplica",
        "latitud": -40.575617,
        "longitud": -73.136689,
        "prestador": "Privado",
        "estado": "Vigente en operación habitual",
        "complejida": "Mediana Complejidad",
        "tipo_aten": "Atención Abierta-Ambulatoria",
        "cut_comuna": "10301",
        "cut_region": "10",
        "cut_provin": "103",
        "nom_region": "Los Lagos",
        "nom_provin": "Osorno",
        "nom_comuna": "Osorno",
        "ir_google": "https://www.google.cl/maps/dir//-40.575617000000001,-73.136689000000004",
        "simbologia": "Centros de Salud y Clínicas Privadas"
      },
      "geometry": {
        "type": "Point",
        "coordinates": [
          -73.136689,
          -40.575617
        ]
      }
    },
    {
      "type": "Feature",
      "properties": {
        "cod_ant": "23-217",
        "cod_vig": 123217.0,
        "cod_m_ant": null,
        "cod_m_nuev": 0.0,
        "cod_reg": 10.0,
        "nom_reg": "Región de Los Lagos",
        "cod_dep": 10.0,
        "dependenc": "SEREMI de Los Lagos",
        "pertenenci": "No perteneciente al Sistema Nacional de Servicios de Salud",
        "tipo": "Laboratorio Clínico",
        "ambito": "Establecimiento de Salud",
        "nombre": "Laboratorio Luis Pasteur",
        "certifi": "No Aplica",
        "dep_adm": "Privado",
        "nivel": "No Aplica",
        "cod_com": "10301",
        "nom_com": "Osorno",
        "via": "Calle",
        "numero": 688.0,
        "direccion": "Manuel Bulnes",
        "fono": 0.0,
        "f_inicio": 39814.0,
        "urgencia": "NO",
        "tipo_urge": "No Aplica",
        "clas_sapu": "No Aplica",
        "latitud": -40.574063,
        "longitud": -73.138185,
        "prestador": "Privado",
        "estado": "Vigente en operación habitual",
        "complejida": "No Aplica",
        "tipo_aten": "No Aplica",
        "cut_comuna": "10301",
        "cut_region": "10",
        "cut_provin": "103",
        "nom_region": "Los Lagos",
        "nom_provin": "Osorno",
        "nom_comuna": "Osorno",
        "ir_google": "https://www.google.cl/maps/dir//-40.574063000000002,-73.138184999999993",
        "simbologia": "Servicios de Apoyo Diagnóstico y Terapéutico"
      },
      "geometry": {
        "type": "Point",
        "coordinates": [
          -73.138185,
          -40.574063
        ]
      }
    },
    {
      "type": "Feature",
      "properties": {
        "cod_ant": "23-986",
        "cod_vig": 200209.0,
        "cod_m_ant": "23-010",
        "cod_m_nuev": 123010.0,
        "cod_reg": 10.0,
        "nom_reg": "Región de Los Lagos",
        "cod_dep": 23.0,
        "dependenc": "Servicio de Salud Osorno",
        "pertenenci": "Perteneciente al Sistema Nacional de Servicios de Salud",
        "tipo": "Centro Comunitario de Salud Mental  (COSAM)",
        "ambito": "Unidad de Atención",
        "nombre": "COSAM Rahue",
        "certifi": "No Aplica",
        "dep_adm": "Servicio de Salud",
        "nivel": "Secundario",
        "cod_com": "10301",
        "nom_com": "Osorno",
        "via": "Calle",
        "numero": 570.0,
        "direccion": "República",
        "fono": 0.0,
        "f_inicio": 42333.0,
        "urgencia": "NO",
        "tipo_urge": "No Aplica",
        "clas_sapu": "No Aplica",
        "latitud": -40.573718,
        "longitud": -73.153654,
        "prestador": "Público",
        "estado": "Vigente en operación habitual",
        "complejida": "Mediana Complejidad",
        "tipo_aten": "Atención Abierta-Ambulatoria",
        "cut_comuna": "10301",
        "cut_region": "10",
        "cut_provin": "103",
        "nom_region": "Los Lagos",
        "nom_provin": "Osorno",
        "nom_comuna": "Osorno",
        "ir_google": "https://www.google.cl/maps/dir//-40.573718,-73.153654000000003",
        "simbologia": "Centros Especializados y de Diagnóstico"
      },
      "geometry": {
        "type": "Point",
        "coordinates": [
          -73.153654,
          -40.573718
        ]
      }
    },
    {
      "type": "Feature",
      "properties": {
        "cod_ant": "23-300",
        "cod_vig": 123300.0,
        "cod_m_ant": null,
        "cod_m_nuev": 0.0,
        "cod_reg": 10.0,
        "nom_reg": "Región de Los Lagos",
        "cod_dep": 23.0,
        "dependenc": "Servicio de Salud Osorno",
        "pertenenci": "Perteneciente al Sistema Nacional de Servicios de Salud",
        "tipo": "Centro de Salud Familiar (CESFAM)",
        "ambito": "Establecimiento de Salud",
        "nombre": "Centro de Salud Familiar Dr. Pedro Jáuregui",
        "certifi": "Certificado como CESFAM",
        "dep_adm": "Municipal",
        "nivel": "Primario",
        "cod_com": "10301",
        "nom_com": "Osorno",
        "via": "Calle",
        "numero": 370.0,
        "direccion": "Victoria",
        "fono": 800500012.0,
        "f_inicio": 38716.0,
        "urgencia": "NO",
        "tipo_urge": "No Aplica",
        "clas_sapu": "No Aplica",
        "latitud": -40.57302,
        "longitud": -73.15832,
        "prestador": "Público",
        "estado": "Vigente en operación habitual",
        "complejida": "Baja Complejidad",
        "tipo_aten": "Atención Abierta-Ambulatoria",
        "cut_comuna": "10301",
        "cut_region": "10",
        "cut_provin": "103",
        "nom_region": "Los Lagos",
        "nom_provin": "Osorno",
        "nom_comuna": "Osorno",
        "ir_google": "https://www.google.cl/maps/dir//-40.57302,-73.158320000000003",
        "simbologia": "Atención Primaria de Salud (APS)"
      },
      "geometry": {
        "type": "Point",
        "coordinates": [
          -73.15832,
          -40.57302
        ]
      }
    },
    {
      "type": "Feature",
      "properties": {
        "cod_ant": "23-800",
        "cod_vig": 123800.0,
        "cod_m_ant": "23-300",
        "cod_m_nuev": 123300.0,
        "cod_reg": 10.0,
        "nom_reg": "Región de Los Lagos",
        "cod_dep": 23.0,
        "dependenc": "Servicio de Salud Osorno",
        "pertenenci": "Perteneciente al Sistema Nacional de Servicios de Salud",
        "tipo": "Servicio de Atención Primaria de Urgencia (SAPU)",
        "ambito": "Establecimiento de Salud",
        "nombre": "SAPU Dr. Pedro Jáuregui",
        "certifi": "No Aplica",
        "dep_adm": "Municipal",
        "nivel": "Primario",
        "cod_com": "10301",
        "nom_com": "Osorno",
        "via": "Calle",
        "numero": 370.0,
        "direccion": "Victoria",
        "fono": 642231320.0,
        "f_inicio": 38716.0,
        "urgencia": "SI",
        "tipo_urge": "Urgencia Ambulatoria (SAPU)",
        "clas_sapu": "Corto",
        "latitud": -40.572862,
        "longitud": -73.15809,
        "prestador": "Público",
        "estado": "Vigente en operación habitual",
        "complejida": "Baja Complejidad",
        "tipo_aten": "Atención Abierta-Ambulatoria",
        "cut_comuna": "10301",
        "cut_region": "10",
        "cut_provin": "103",
        "nom_region": "Los Lagos",
        "nom_provin": "Osorno",
        "nom_comuna": "Osorno",
        "ir_google": "https://www.google.cl/maps/dir//-40.572862000000001,-73.158090000000001",
        "simbologia": "Servicios de Urgencia de Atención Primaria"
      },
      "geometry": {
        "type": "Point",
        "coordinates": [
          -73.15809,
          -40.572862
        ]
      }
    },
    {
      "type": "Feature",
      "properties": {
        "cod_ant": "23-301",
        "cod_vig": 123301.0,
        "cod_m_ant": null,
        "cod_m_nuev": 0.0,
        "cod_reg": 10.0,
        "nom_reg": "Región de Los Lagos",
        "cod_dep": 23.0,
        "dependenc": "Servicio de Salud Osorno",
        "pertenenci": "Perteneciente al Sistema Nacional de Servicios de Salud",
        "tipo": "Centro de Salud Familiar (CESFAM)",
        "ambito": "Establecimiento de Salud",
        "nombre": "Centro de Salud Familiar Dr. Marcelo Lopetegui Adams",
        "certifi": "Certificado como CESFAM",
        "dep_adm": "Municipal",
        "nivel": "Primario",
        "cod_com": "10301",
        "nom_com": "Osorno",
        "via": "Calle",
        "numero": 1400.0,
        "direccion": "Los Carrera",
        "fono": 800500014.0,
        "f_inicio": 38716.0,
        "urgencia": "NO",
        "tipo_urge": "No Aplica",
        "clas_sapu": "No Aplica",
        "latitud": -40.57215,
        "longitud": -73.12492,
        "prestador": "Público",
        "estado": "Vigente en operación habitual",
        "complejida": "Baja Complejidad",
        "tipo_aten": "Atención Abierta-Ambulatoria",
        "cut_comuna": "10301",
        "cut_region": "10",
        "cut_provin": "103",
        "nom_region": "Los Lagos",
        "nom_provin": "Osorno",
        "nom_comuna": "Osorno",
        "ir_google": "https://www.google.cl/maps/dir//-40.572150000000001,-73.124920000000003",
        "simbologia": "Atención Primaria de Salud (APS)"
      },
      "geometry": {
        "type": "Point",
        "coordinates": [
          -73.12492,
          -40.57215
        ]
      }
    },
    {
      "type": "Feature",
      "properties": {
        "cod_ant": "23-985",
        "cod_vig": 200085.0,
        "cod_m_ant": "23-301",
        "cod_m_nuev": 123301.0,
        "cod_reg": 10.0,
        "nom_reg": "Región de Los Lagos",
        "cod_dep": 23.0,
        "dependenc": "Servicio de Salud Osorno",
        "pertenenci": "Perteneciente al Sistema Nacional de Servicios de Salud",
        "tipo": "Servicio de Atención Primaria de Urgencia (SAPU)",
        "ambito": "Establecimiento de Salud",
        "nombre": "SAPU Dr. Marcelo Lopetegui Adams",
        "certifi": "No Aplica",
        "dep_adm": "Municipal",
        "nivel": "Primario",
        "cod_com": "10301",
        "nom_com": "Osorno",
        "via": "Calle",
        "numero": 1400.0,
        "direccion": "Los Carrera",
        "fono": 642475013.0,
        "f_inicio": 40280.0,
        "urgencia": "SI",
        "tipo_urge": "Urgencia Ambulatoria (SAPU)",
        "clas_sapu": "Corto",
        "latitud": -40.572135,
        "longitud": -73.125175,
        "prestador": "Público",
        "estado": "Vigente en operación habitual",
        "complejida": "Baja Complejidad",
        "tipo_aten": "Atención Abierta-Ambulatoria",
        "cut_comuna": "10301",
        "cut_region": "10",
        "cut_provin": "103",
        "nom_region": "Los Lagos",
        "nom_provin": "Osorno",
        "nom_comuna": "Osorno",
        "ir_google": "https://www.google.cl/maps/dir//-40.572135000000003,-73.125174999999999",
        "simbologia": "Servicios de Urgencia de Atención Primaria"
      },
      "geometry": {
        "type": "Point",
        "coordinates": [
          -73.125175,
          -40.572135
        ]
      }
    },
    {
      "type": "Feature",
      "properties": {
        "cod_ant": "23-218",
        "cod_vig": 123218.0,
        "cod_m_ant": null,
        "cod_m_nuev": 0.0,
        "cod_reg": 10.0,
        "nom_reg": "Región de Los Lagos",
        "cod_dep": 10.0,
        "dependenc": "SEREMI de Los Lagos",
        "pertenenci": "No perteneciente al Sistema Nacional de Servicios de Salud",
        "tipo": "Laboratorio Clínico",
        "ambito": "Establecimiento de Salud",
        "nombre": "Laboratorio CENDIMET",
        "certifi": "No Aplica",
        "dep_adm": "Privado",
        "nivel": "No Aplica",
        "cod_com": "10301",
        "nom_com": "Osorno",
        "via": "Calle",
        "numero": 516.0,
        "direccion": "O'Higgins",
        "fono": 0.0,
        "f_inicio": 39814.0,
        "urgencia": "NO",
        "tipo_urge": "No Aplica",
        "clas_sapu": "No Aplica",
        "latitud": -40.571988,
        "longitud": -73.136748,
        "prestador": "Privado",
        "estado": "Vigente en operación habitual",
        "complejida": "No Aplica",
        "tipo_aten": "No Aplica",
        "cut_comuna": "10301",
        "cut_region": "10",
        "cut_provin": "103",
        "nom_region": "Los Lagos",
        "nom_provin": "Osorno",
        "nom_comuna": "Osorno",
        "ir_google": "https://www.google.cl/maps/dir//-40.571987999999997,-73.136747999999997",
        "simbologia": "Servicios de Apoyo Diagnóstico y Terapéutico"
      },
      "geometry": {
        "type": "Point",
        "coordinates": [
          -73.136748,
          -40.571988
        ]
      }
    },
    {
      "type": "Feature",
      "properties": {
        "cod_ant": "23-901",
        "cod_vig": 200192.0,
        "cod_m_ant": null,
        "cod_m_nuev": 0.0,
        "cod_reg": 10.0,
        "nom_reg": "Región de Los Lagos",
        "cod_dep": 10.0,
        "dependenc": "SEREMI de Los Lagos",
        "pertenenci": "No perteneciente al Sistema Nacional de Servicios de Salud",
        "tipo": "Centro de Diálisis",
        "ambito": "Establecimiento de Salud",
        "nombre": "Centro de Diálisis Hemosur (Osorno)",
        "certifi": "No Aplica",
        "dep_adm": "Privado",
        "nivel": "No Aplica",
        "cod_com": "10301",
        "nom_com": "Osorno",
        "via": "Calle",
        "numero": 1550.0,
        "direccion": "Aníbal Pinto",
        "fono": 642217200.0,
        "f_inicio": 41970.0,
        "urgencia": "NO",
        "tipo_urge": "No Aplica",
        "clas_sapu": "No Aplica",
        "latitud": -40.571079,
        "longitud": -73.123198,
        "prestador": "Privado",
        "estado": "Vigente en operación habitual",
        "complejida": "Mediana Complejidad",
        "tipo_aten": "Atención Abierta-Ambulatoria",
        "cut_comuna": "10301",
        "cut_region": "10",
        "cut_provin": "103",
        "nom_region": "Los Lagos",
        "nom_provin": "Osorno",
        "nom_comuna": "Osorno",
        "ir_google": "https://www.google.cl/maps/dir//-40.571078999999997,-73.123198000000002",
        "simbologia": "Servicios de Apoyo Diagnóstico y Terapéutico"
      },
      "geometry": {
        "type": "Point",
        "coordinates": [
          -73.123198,
          -40.571079
        ]
      }
    },
    {
      "type": "Feature",
      "properties": {
        "cod_ant": "23-012",
        "cod_vig": 123012.0,
        "cod_m_ant": "23-010",
        "cod_m_nuev": 123010.0,
        "cod_reg": 10.0,
        "nom_reg": "Región de Los Lagos",
        "cod_dep": 23.0,
        "dependenc": "Servicio de Salud Osorno",
        "pertenenci": "Perteneciente al Sistema Nacional de Servicios de Salud",
        "tipo": "Unidad de Procedimientos Móvil",
        "ambito": "Unidad de Atención",
        "nombre": "Clínica Dental Móvil Triple. Pat. BKYZ91 (Osorno)",
        "certifi": "No Aplica",
        "dep_adm": "Servicio de Salud",
        "nivel": "No Aplica",
        "cod_com": "10301",
        "nom_com": "Osorno",
        "via": "Calle",
        "numero": 448.0,
        "direccion": "Manuel Antonio Matta",
        "fono": 0.0,
        "f_inicio": 38716.0,
        "urgencia": "NO",
        "tipo_urge": "No Aplica",
        "clas_sapu": "No Aplica",
        "latitud": -40.571021,
        "longitud": -73.135768,
        "prestador": "Público",
        "estado": "Vigente en operación habitual",
        "complejida": "No Aplica",
        "tipo_aten": "Atención Abierta-Ambulatoria",
        "cut_comuna": "10301",
        "cut_region": "10",
        "cut_provin": "103",
        "nom_region": "Los Lagos",
        "nom_provin": "Osorno",
        "nom_comuna": "Osorno",
        "ir_google": "https://www.google.cl/maps/dir//-40.571021000000002,-73.135767999999999",
        "simbologia": "Servicios de Apoyo Diagnóstico y Terapéutico"
      },
      "geometry": {
        "type": "Point",
        "coordinates": [
          -73.135768,
          -40.571021
        ]
      }
    },
    {
      "type": "Feature",
      "properties": {
        "cod_ant": "23-010",
        "cod_vig": 123010.0,
        "cod_m_ant": null,
        "cod_m_nuev": 0.0,
        "cod_reg": 10.0,
        "nom_reg": "Región de Los Lagos",
        "cod_dep": 23.0,
        "dependenc": "Servicio de Salud Osorno",
        "pertenenci": "Perteneciente al Sistema Nacional de Servicios de Salud",
        "tipo": "Dirección Servicio de Salud",
        "ambito": "Unidad de Atención",
        "nombre": "Actividades gestionadas por la Dirección del Servicio para apoyo de la Red (S.S de Osorno)",
        "certifi": "No Aplica",
        "dep_adm": "Servicio de Salud",
        "nivel": "No Aplica",
        "cod_com": "10301",
        "nom_com": "Osorno",
        "via": "Calle",
        "numero": 448.0,
        "direccion": "Manuel Antonio Matta",
        "fono": 0.0,
        "f_inicio": 38716.0,
        "urgencia": "NO",
        "tipo_urge": "No Aplica",
        "clas_sapu": "No Aplica",
        "latitud": -40.571021,
        "longitud": -73.135768,
        "prestador": "Público",
        "estado": "Vigente en operación habitual",
        "complejida": "Baja Complejidad",
        "tipo_aten": "Atención Abierta-Ambulatoria",
        "cut_comuna": "10301",
        "cut_region": "10",
        "cut_provin": "103",
        "nom_region": "Los Lagos",
        "nom_provin": "Osorno",
        "nom_comuna": "Osorno",
        "ir_google": "https://www.google.cl/maps/dir//-40.571021000000002,-73.135767999999999",
        "simbologia": "Programas y Dispositivos Especiales"
      },
      "geometry": {
        "type": "Point",
        "coordinates": [
          -73.135768,
          -40.571021
        ]
      }
    },
    {
      "type": "Feature",
      "properties": {
        "cod_ant": "23-212",
        "cod_vig": 123212.0,
        "cod_m_ant": null,
        "cod_m_nuev": 0.0,
        "cod_reg": 10.0,
        "nom_reg": "Región de Los Lagos",
        "cod_dep": 10.0,
        "dependenc": "SEREMI de Los Lagos",
        "pertenenci": "No perteneciente al Sistema Nacional de Servicios de Salud",
        "tipo": "Vacunatorio",
        "ambito": "Establecimiento de Salud",
        "nombre": "Vacunatorio Sociedad Centro Médico Cochrane SA",
        "certifi": "No Aplica",
        "dep_adm": "Privado",
        "nivel": "Primario",
        "cod_com": "10301",
        "nom_com": "Osorno",
        "via": "Calle",
        "numero": 405.0,
        "direccion": "Cochrane",
        "fono": 800500012.0,
        "f_inicio": 39814.0,
        "urgencia": "NO",
        "tipo_urge": "No Aplica",
        "clas_sapu": "No Aplica",
        "latitud": -40.570853,
        "longitud": -73.133781,
        "prestador": "Privado",
        "estado": "Vigente en operación habitual",
        "complejida": "Baja Complejidad",
        "tipo_aten": "Atención Abierta-Ambulatoria",
        "cut_comuna": "10301",
        "cut_region": "10",
        "cut_provin": "103",
        "nom_region": "Los Lagos",
        "nom_provin": "Osorno",
        "nom_comuna": "Osorno",
        "ir_google": "https://www.google.cl/maps/dir//-40.570853,-73.133780999999999",
        "simbologia": "Servicios de Apoyo Diagnóstico y Terapéutico"
      },
      "geometry": {
        "type": "Point",
        "coordinates": [
          -73.133781,
          -40.570853
        ]
      }
    },
    {
      "type": "Feature",
      "properties": {
        "cod_ant": "23-216",
        "cod_vig": 123216.0,
        "cod_m_ant": null,
        "cod_m_nuev": 0.0,
        "cod_reg": 10.0,
        "nom_reg": "Región de Los Lagos",
        "cod_dep": 10.0,
        "dependenc": "SEREMI de Los Lagos",
        "pertenenci": "No perteneciente al Sistema Nacional de Servicios de Salud",
        "tipo": "Centro de Salud Privado",
        "ambito": "Establecimiento de Salud",
        "nombre": "Centro Médico y Laboratorio Cochrane",
        "certifi": "No Aplica",
        "dep_adm": "Privado",
        "nivel": "Secundario",
        "cod_com": "10301",
        "nom_com": "Osorno",
        "via": "Calle",
        "numero": 405.0,
        "direccion": "Cochrane",
        "fono": 0.0,
        "f_inicio": 39814.0,
        "urgencia": "NO",
        "tipo_urge": "No Aplica",
        "clas_sapu": "No Aplica",
        "latitud": -40.570846,
        "longitud": -73.133691,
        "prestador": "Privado",
        "estado": "Vigente en operación habitual",
        "complejida": "Baja Complejidad",
        "tipo_aten": "Atención Abierta-Ambulatoria",
        "cut_comuna": "10301",
        "cut_region": "10",
        "cut_provin": "103",
        "nom_region": "Los Lagos",
        "nom_provin": "Osorno",
        "nom_comuna": "Osorno",
        "ir_google": "https://www.google.cl/maps/dir//-40.570846000000003,-73.133690999999999",
        "simbologia": "Centros de Salud y Clínicas Privadas"
      },
      "geometry": {
        "type": "Point",
        "coordinates": [
          -73.133691,
          -40.570846
        ]
      }
    },
    {
      "type": "Feature",
      "properties": {
        "cod_ant": "23-903",
        "cod_vig": 200445.0,
        "cod_m_ant": "23-010",
        "cod_m_nuev": 123010.0,
        "cod_reg": 10.0,
        "nom_reg": "Región de Los Lagos",
        "cod_dep": 23.0,
        "dependenc": "Servicio de Salud Osorno",
        "pertenenci": "Perteneciente al Sistema Nacional de Servicios de Salud",
        "tipo": "Centro Comunitario de Salud Mental  (COSAM)",
        "ambito": "Unidad de Atención",
        "nombre": "COSAM Oriente",
        "certifi": "No Aplica",
        "dep_adm": "Servicio de Salud",
        "nivel": "Secundario",
        "cod_com": "10301",
        "nom_com": "Osorno",
        "via": "Calle",
        "numero": 1435.0,
        "direccion": "Germán Hube",
        "fono": 0.0,
        "f_inicio": 41968.0,
        "urgencia": "NO",
        "tipo_urge": "No Aplica",
        "clas_sapu": "No Aplica",
        "latitud": -40.570674,
        "longitud": -73.125217,
        "prestador": "Público",
        "estado": "Vigente en operación habitual",
        "complejida": "Mediana Complejidad",
        "tipo_aten": "Atención Abierta-Ambulatoria",
        "cut_comuna": "10301",
        "cut_region": "10",
        "cut_provin": "103",
        "nom_region": "Los Lagos",
        "nom_provin": "Osorno",
        "nom_comuna": "Osorno",
        "ir_google": "https://www.google.cl/maps/dir//-40.570673999999997,-73.125217000000006",
        "simbologia": "Centros Especializados y de Diagnóstico"
      },
      "geometry": {
        "type": "Point",
        "coordinates": [
          -73.125217,
          -40.570674
        ]
      }
    },
    {
      "type": "Feature",
      "properties": {
        "cod_ant": "23-909",
        "cod_vig": 200620.0,
        "cod_m_ant": null,
        "cod_m_nuev": 0.0,
        "cod_reg": 0.0,
        "nom_reg": "Región de Los Lagos",
        "cod_dep": 10.0,
        "dependenc": "SEREMI de Los Lagos",
        "pertenenci": "No perteneciente al Sistema Nacional de Servicios de Salud",
        "tipo": "Centro de Diálisis",
        "ambito": "Establecimiento de Salud",
        "nombre": "Centro de Diálisis y Especialidades Médicas Puerto Varas",
        "certifi": "No Aplica",
        "dep_adm": "Privado",
        "nivel": "No Aplica",
        "cod_com": "10301",
        "nom_com": "Osorno",
        "via": "Calle",
        "numero": 164.0,
        "direccion": "Guillermo Francke",
        "fono": 0.0,
        "f_inicio": 43451.0,
        "urgencia": "NO",
        "tipo_urge": "No Aplica",
        "clas_sapu": "No Aplica",
        "latitud": -40.569087,
        "longitud": -73.146524,
        "prestador": "Privado",
        "estado": "Vigente en operación habitual",
        "complejida": "Mediana Complejidad",
        "tipo_aten": "Atención Abierta-Ambulatoria",
        "cut_comuna": "10301",
        "cut_region": "10",
        "cut_provin": "103",
        "nom_region": "Los Lagos",
        "nom_provin": "Osorno",
        "nom_comuna": "Osorno",
        "ir_google": "https://www.google.cl/maps/dir//-40.569087000000003,-73.146523999999999",
        "simbologia": "Servicios de Apoyo Diagnóstico y Terapéutico"
      },
      "geometry": {
        "type": "Point",
        "coordinates": [
          -73.146524,
          -40.569087
        ]
      }
    },
    {
      "type": "Feature",
      "properties": {
        "cod_ant": "23-310",
        "cod_vig": 123310.0,
        "cod_m_ant": null,
        "cod_m_nuev": 0.0,
        "cod_reg": 10.0,
        "nom_reg": "Región de Los Lagos",
        "cod_dep": 23.0,
        "dependenc": "Servicio de Salud Osorno",
        "pertenenci": "Perteneciente al Sistema Nacional de Servicios de Salud",
        "tipo": "Centro de Salud Familiar (CESFAM)",
        "ambito": "Establecimiento de Salud",
        "nombre": "Centro de Salud Familiar Quinto Centenario",
        "certifi": "Certificado como CESFAM",
        "dep_adm": "Municipal",
        "nivel": "Primario",
        "cod_com": "10301",
        "nom_com": "Osorno",
        "via": "Calle",
        "numero": 1620.0,
        "direccion": "Sevilla",
        "fono": 642232507.0,
        "f_inicio": 38716.0,
        "urgencia": "NO",
        "tipo_urge": "No Aplica",
        "clas_sapu": "No Aplica",
        "latitud": -40.56792,
        "longitud": -73.17099,
        "prestador": "Público",
        "estado": "Vigente en operación habitual",
        "complejida": "Baja Complejidad",
        "tipo_aten": "Atención Abierta-Ambulatoria",
        "cut_comuna": "10301",
        "cut_region": "10",
        "cut_provin": "103",
        "nom_region": "Los Lagos",
        "nom_provin": "Osorno",
        "nom_comuna": "Osorno",
        "ir_google": "https://www.google.cl/maps/dir//-40.567920000000001,-73.170990000000003",
        "simbologia": "Atención Primaria de Salud (APS)"
      },
      "geometry": {
        "type": "Point",
        "coordinates": [
          -73.17099,
          -40.56792
        ]
      }
    },
    {
      "type": "Feature",
      "properties": {
        "cod_ant": "23-306",
        "cod_vig": 123306.0,
        "cod_m_ant": null,
        "cod_m_nuev": 0.0,
        "cod_reg": 10.0,
        "nom_reg": "Región de Los Lagos",
        "cod_dep": 23.0,
        "dependenc": "Servicio de Salud Osorno",
        "pertenenci": "Perteneciente al Sistema Nacional de Servicios de Salud",
        "tipo": "Centro de Salud Familiar (CESFAM)",
        "ambito": "Establecimiento de Salud",
        "nombre": "Centro de Salud Familiar Pampa Alegre",
        "certifi": "Certificado como CESFAM",
        "dep_adm": "Municipal",
        "nivel": "Primario",
        "cod_com": "10301",
        "nom_com": "Osorno",
        "via": "Calle",
        "numero": 769.0,
        "direccion": "Los Héroes de La Concepción",
        "fono": 800500016.0,
        "f_inicio": 38716.0,
        "urgencia": "NO",
        "tipo_urge": "No Aplica",
        "clas_sapu": "No Aplica",
        "latitud": -40.56378,
        "longitud": -73.15344,
        "prestador": "Público",
        "estado": "Vigente en operación habitual",
        "complejida": "Baja Complejidad",
        "tipo_aten": "Atención Abierta-Ambulatoria",
        "cut_comuna": "10301",
        "cut_region": "10",
        "cut_provin": "103",
        "nom_region": "Los Lagos",
        "nom_provin": "Osorno",
        "nom_comuna": "Osorno",
        "ir_google": "https://www.google.cl/maps/dir//-40.563780000000001,-73.153440000000003",
        "simbologia": "Atención Primaria de Salud (APS)"
      },
      "geometry": {
        "type": "Point",
        "coordinates": [
          -73.15344,
          -40.56378
        ]
      }
    },
    {
      "type": "Feature",
      "properties": {
        "cod_ant": "23-430",
        "cod_vig": 123430.0,
        "cod_m_ant": null,
        "cod_m_nuev": 0.0,
        "cod_reg": 10.0,
        "nom_reg": "Región de Los Lagos",
        "cod_dep": 23.0,
        "dependenc": "Servicio de Salud Osorno",
        "pertenenci": "Perteneciente al Sistema Nacional de Servicios de Salud",
        "tipo": "Posta de Salud Rural (PSR)",
        "ambito": "Establecimiento de Salud",
        "nombre": "Posta de Salud Rural Purrehuín",
        "certifi": "No Aplica",
        "dep_adm": "Municipal",
        "nivel": "Primario",
        "cod_com": "10306",
        "nom_com": "San Juan de la Costa",
        "via": "Calle",
        "numero": 0.0,
        "direccion": "Caserío de Purrehuín",
        "fono": 0.0,
        "f_inicio": 38716.0,
        "urgencia": "NO",
        "tipo_urge": "No Aplica",
        "clas_sapu": "No Aplica",
        "latitud": -40.563754,
        "longitud": -73.439822,
        "prestador": "Público",
        "estado": "Vigente en operación habitual",
        "complejida": "Baja Complejidad",
        "tipo_aten": "Atención Abierta-Ambulatoria",
        "cut_comuna": "10306",
        "cut_region": "10",
        "cut_provin": "103",
        "nom_region": "Los Lagos",
        "nom_provin": "Osorno",
        "nom_comuna": "San Juan de la Costa",
        "ir_google": "https://www.google.cl/maps/dir//-40.563754000000003,-73.439822000000007",
        "simbologia": "Atención Primaria de Salud (APS)"
      },
      "geometry": {
        "type": "Point",
        "coordinates": [
          -73.439822,
          -40.563754
        ]
      }
    },
    {
      "type": "Feature",
      "properties": {
        "cod_ant": "23-432",
        "cod_vig": 123432.0,
        "cod_m_ant": null,
        "cod_m_nuev": 0.0,
        "cod_reg": 10.0,
        "nom_reg": "Región de Los Lagos",
        "cod_dep": 23.0,
        "dependenc": "Servicio de Salud Osorno",
        "pertenenci": "Perteneciente al Sistema Nacional de Servicios de Salud",
        "tipo": "Posta de Salud Rural (PSR)",
        "ambito": "Establecimiento de Salud",
        "nombre": "Posta de Salud Rural La Poza",
        "certifi": "No Aplica",
        "dep_adm": "Municipal",
        "nivel": "Primario",
        "cod_com": "10307",
        "nom_com": "San Pablo",
        "via": "Calle",
        "numero": 0.0,
        "direccion": "Caserío La Poza",
        "fono": 0.0,
        "f_inicio": 38716.0,
        "urgencia": "NO",
        "tipo_urge": "No Aplica",
        "clas_sapu": "No Aplica",
        "latitud": -40.509684,
        "longitud": -72.902238,
        "prestador": "Público",
        "estado": "Vigente en operación habitual",
        "complejida": "Baja Complejidad",
        "tipo_aten": "Atención Abierta-Ambulatoria",
        "cut_comuna": "10307",
        "cut_region": "10",
        "cut_provin": "103",
        "nom_region": "Los Lagos",
        "nom_provin": "Osorno",
        "nom_comuna": "San Pablo",
        "ir_google": "https://www.google.cl/maps/dir//-40.509684,-72.902237999999997",
        "simbologia": "Atención Primaria de Salud (APS)"
      },
      "geometry": {
        "type": "Point",
        "coordinates": [
          -72.902238,
          -40.509684
        ]
      }
    },
    {
      "type": "Feature",
      "properties": {
        "cod_ant": "23-431",
        "cod_vig": 123431.0,
        "cod_m_ant": null,
        "cod_m_nuev": 0.0,
        "cod_reg": 10.0,
        "nom_reg": "Región de Los Lagos",
        "cod_dep": 23.0,
        "dependenc": "Servicio de Salud Osorno",
        "pertenenci": "Perteneciente al Sistema Nacional de Servicios de Salud",
        "tipo": "Posta de Salud Rural (PSR)",
        "ambito": "Establecimiento de Salud",
        "nombre": "Posta de Salud Rural Aleucapi",
        "certifi": "No Aplica",
        "dep_adm": "Municipal",
        "nivel": "Primario",
        "cod_com": "10306",
        "nom_com": "San Juan de la Costa",
        "via": "Calle",
        "numero": 0.0,
        "direccion": "Sector Aleucapi",
        "fono": 0.0,
        "f_inicio": 38716.0,
        "urgencia": "NO",
        "tipo_urge": "No Aplica",
        "clas_sapu": "No Aplica",
        "latitud": -40.48809,
        "longitud": -73.52048,
        "prestador": "Público",
        "estado": "Vigente en operación habitual",
        "complejida": "Baja Complejidad",
        "tipo_aten": "Atención Abierta-Ambulatoria",
        "cut_comuna": "10306",
        "cut_region": "10",
        "cut_provin": "103",
        "nom_region": "Los Lagos",
        "nom_provin": "Osorno",
        "nom_comuna": "San Juan de la Costa",
        "ir_google": "https://www.google.cl/maps/dir//-40.48809,-73.520480000000006",
        "simbologia": "Atención Primaria de Salud (APS)"
      },
      "geometry": {
        "type": "Point",
        "coordinates": [
          -73.52048,
          -40.48809
        ]
      }
    },
    {
      "type": "Feature",
      "properties": {
        "cod_ant": "23-104",
        "cod_vig": 123104.0,
        "cod_m_ant": null,
        "cod_m_nuev": 0.0,
        "cod_reg": 10.0,
        "nom_reg": "Región de Los Lagos",
        "cod_dep": 23.0,
        "dependenc": "Servicio de Salud Osorno",
        "pertenenci": "Perteneciente al Sistema Nacional de Servicios de Salud",
        "tipo": "Hospital",
        "ambito": "Establecimiento de Salud",
        "nombre": "Hospital Futa Sruka Lawenche Kunko Mapu Mo",
        "certifi": "No Aplica",
        "dep_adm": "Servicio de Salud",
        "nivel": "Pendiente",
        "cod_com": "10306",
        "nom_com": "San Juan de la Costa",
        "via": "Calle",
        "numero": 0.0,
        "direccion": "Sector Lafquelmapu S/N Msión San Juan de la Costa",
        "fono": 642335463.0,
        "f_inicio": 38716.0,
        "urgencia": "SI",
        "tipo_urge": "Urgencia Hospitalaria (UEH)",
        "clas_sapu": "No Aplica",
        "latitud": -40.49154,
        "longitud": -73.40332,
        "prestador": "Público",
        "estado": "Vigente en operación habitual",
        "complejida": "Baja Complejidad",
        "tipo_aten": "Atención Cerrada-Hospitalaria",
        "cut_comuna": "10306",
        "cut_region": "10",
        "cut_provin": "103",
        "nom_region": "Los Lagos",
        "nom_provin": "Osorno",
        "nom_comuna": "San Juan de la Costa",
        "ir_google": "https://www.google.cl/maps/dir//-40.491540000000001,-73.403319999999994",
        "simbologia": "Hospitales y Unidades de Hospitalización"
      },
      "geometry": {
        "type": "Point",
        "coordinates": [
          -73.40332,
          -40.49154
        ]
      }
    },
    {
      "type": "Feature",
      "properties": {
        "cod_ant": "23-906",
        "cod_vig": 200490.0,
        "cod_m_ant": null,
        "cod_m_nuev": 0.0,
        "cod_reg": 10.0,
        "nom_reg": "Región de Los Lagos",
        "cod_dep": 23.0,
        "dependenc": "Servicio de Salud Osorno",
        "pertenenci": "Perteneciente al Sistema Nacional de Servicios de Salud",
        "tipo": "Posta de Salud Rural (PSR)",
        "ambito": "Establecimiento de Salud",
        "nombre": "Posta de Salud Rural Chamilco",
        "certifi": "No Aplica",
        "dep_adm": "Municipal",
        "nivel": "Primario",
        "cod_com": "10306",
        "nom_com": "San Juan de la Costa",
        "via": "Calle",
        "numero": 0.0,
        "direccion": "Sector Putrihue Norte",
        "fono": 974461828.0,
        "f_inicio": 43200.0,
        "urgencia": "NO",
        "tipo_urge": "No Aplica",
        "clas_sapu": "No Aplica",
        "latitud": -40.4607,
        "longitud": -73.3415,
        "prestador": "Público",
        "estado": "Vigente en operación habitual",
        "complejida": "Baja Complejidad",
        "tipo_aten": "Atención Abierta-Ambulatoria",
        "cut_comuna": "10306",
        "cut_region": "10",
        "cut_provin": "103",
        "nom_region": "Los Lagos",
        "nom_provin": "Osorno",
        "nom_comuna": "San Juan de la Costa",
        "ir_google": "https://www.google.cl/maps/dir//-40.460700000000003,-73.341499999999996",
        "simbologia": "Atención Primaria de Salud (APS)"
      },
      "geometry": {
        "type": "Point",
        "coordinates": [
          -73.3415,
          -40.4607
        ]
      }
    },
    {
      "type": "Feature",
      "properties": {
        "cod_ant": "23-436",
        "cod_vig": 123436.0,
        "cod_m_ant": null,
        "cod_m_nuev": 0.0,
        "cod_reg": 10.0,
        "nom_reg": "Región de Los Lagos",
        "cod_dep": 23.0,
        "dependenc": "Servicio de Salud Osorno",
        "pertenenci": "Perteneciente al Sistema Nacional de Servicios de Salud",
        "tipo": "Posta de Salud Rural (PSR)",
        "ambito": "Establecimiento de Salud",
        "nombre": "Posta de Salud Rural Chanco ( San Pablo )",
        "certifi": "No Aplica",
        "dep_adm": "Municipal",
        "nivel": "Primario",
        "cod_com": "10307",
        "nom_com": "San Pablo",
        "via": "Calle",
        "numero": 0.0,
        "direccion": "Sector Chanco",
        "fono": 0.0,
        "f_inicio": 38716.0,
        "urgencia": "NO",
        "tipo_urge": "No Aplica",
        "clas_sapu": "No Aplica",
        "latitud": -40.423394,
        "longitud": -73.325818,
        "prestador": "Público",
        "estado": "Vigente en operación habitual",
        "complejida": "Baja Complejidad",
        "tipo_aten": "Atención Abierta-Ambulatoria",
        "cut_comuna": "10301",
        "cut_region": "10",
        "cut_provin": "103",
        "nom_region": "Los Lagos",
        "nom_provin": "Osorno",
        "nom_comuna": "Osorno",
        "ir_google": "https://www.google.cl/maps/dir//-40.423394000000002,-73.325817999999998",
        "simbologia": "Atención Primaria de Salud (APS)"
      },
      "geometry": {
        "type": "Point",
        "coordinates": [
          -73.325818,
          -40.423394
        ]
      }
    },
    {
      "type": "Feature",
      "properties": {
        "cod_ant": "23-911",
        "cod_vig": 200748.0,
        "cod_m_ant": "23-305",
        "cod_m_nuev": 123305.0,
        "cod_reg": 10.0,
        "nom_reg": "Región de Los Lagos",
        "cod_dep": 23.0,
        "dependenc": "Servicio de Salud Osorno",
        "pertenenci": "Perteneciente al Sistema Nacional de Servicios de Salud",
        "tipo": "Servicio de Urgencia Rural (SUR)",
        "ambito": "Establecimiento de Salud",
        "nombre": "SUR San Pablo",
        "certifi": "No Aplica",
        "dep_adm": "Municipal",
        "nivel": "Primario",
        "cod_com": "10307",
        "nom_com": "San Pablo",
        "via": "Calle",
        "numero": 788.0,
        "direccion": "Colón",
        "fono": 642381228.0,
        "f_inicio": 38716.0,
        "urgencia": "SI",
        "tipo_urge": "Urgencia Ambulatoria (SUR)",
        "clas_sapu": "No Aplica",
        "latitud": -40.406617,
        "longitud": -73.007752,
        "prestador": "Público",
        "estado": "Vigente en operación habitual",
        "complejida": "Baja Complejidad",
        "tipo_aten": "Atención Abierta-Ambulatoria",
        "cut_comuna": "10307",
        "cut_region": "10",
        "cut_provin": "103",
        "nom_region": "Los Lagos",
        "nom_provin": "Osorno",
        "nom_comuna": "San Pablo",
        "ir_google": "https://www.google.cl/maps/dir//-40.406616999999997,-73.007751999999996",
        "simbologia": "Servicios de Urgencia de Atención Primaria"
      },
      "geometry": {
        "type": "Point",
        "coordinates": [
          -73.007752,
          -40.406617
        ]
      }
    },
    {
      "type": "Feature",
      "properties": {
        "cod_ant": "23-305",
        "cod_vig": 123305.0,
        "cod_m_ant": null,
        "cod_m_nuev": 0.0,
        "cod_reg": 10.0,
        "nom_reg": "Región de Los Lagos",
        "cod_dep": 23.0,
        "dependenc": "Servicio de Salud Osorno",
        "pertenenci": "Perteneciente al Sistema Nacional de Servicios de Salud",
        "tipo": "Centro de Salud Familiar (CESFAM)",
        "ambito": "Establecimiento de Salud",
        "nombre": "Centro de Salud Familiar San Pablo",
        "certifi": "Certificado como CESFAM",
        "dep_adm": "Municipal",
        "nivel": "Primario",
        "cod_com": "10307",
        "nom_com": "San Pablo",
        "via": "Calle",
        "numero": 788.0,
        "direccion": "Colón",
        "fono": 642381228.0,
        "f_inicio": 38716.0,
        "urgencia": "NO",
        "tipo_urge": "No Aplica",
        "clas_sapu": "No Aplica",
        "latitud": -40.40656,
        "longitud": -73.00791,
        "prestador": "Público",
        "estado": "Vigente en operación habitual",
        "complejida": "Baja Complejidad",
        "tipo_aten": "Atención Abierta-Ambulatoria",
        "cut_comuna": "10307",
        "cut_region": "10",
        "cut_provin": "103",
        "nom_region": "Los Lagos",
        "nom_provin": "Osorno",
        "nom_comuna": "San Pablo",
        "ir_google": "https://www.google.cl/maps/dir//-40.406559999999999,-73.007909999999995",
        "simbologia": "Atención Primaria de Salud (APS)"
      },
      "geometry": {
        "type": "Point",
        "coordinates": [
          -73.00791,
          -40.40656
        ]
      }
    },
    {
      "type": "Feature",
      "properties": {
        "cod_ant": "23-435",
        "cod_vig": 123435.0,
        "cod_m_ant": null,
        "cod_m_nuev": 0.0,
        "cod_reg": 10.0,
        "nom_reg": "Región de Los Lagos",
        "cod_dep": 23.0,
        "dependenc": "Servicio de Salud Osorno",
        "pertenenci": "Perteneciente al Sistema Nacional de Servicios de Salud",
        "tipo": "Posta de Salud Rural (PSR)",
        "ambito": "Establecimiento de Salud",
        "nombre": "Posta de Salud Rural Pucopio",
        "certifi": "No Aplica",
        "dep_adm": "Municipal",
        "nivel": "Primario",
        "cod_com": "10307",
        "nom_com": "San Pablo",
        "via": "Calle",
        "numero": 0.0,
        "direccion": "Sector Pucopio",
        "fono": 0.0,
        "f_inicio": 38716.0,
        "urgencia": "NO",
        "tipo_urge": "No Aplica",
        "clas_sapu": "No Aplica",
        "latitud": -40.39061,
        "longitud": -73.43427,
        "prestador": "Público",
        "estado": "Vigente en operación habitual",
        "complejida": "Baja Complejidad",
        "tipo_aten": "Atención Abierta-Ambulatoria",
        "cut_comuna": "10307",
        "cut_region": "10",
        "cut_provin": "103",
        "nom_region": "Los Lagos",
        "nom_provin": "Osorno",
        "nom_comuna": "San Pablo",
        "ir_google": "https://www.google.cl/maps/dir//-40.390610000000002,-73.434269999999998",
        "simbologia": "Atención Primaria de Salud (APS)"
      },
      "geometry": {
        "type": "Point",
        "coordinates": [
          -73.43427,
          -40.39061
        ]
      }
    },
    {
      "type": "Feature",
      "properties": {
        "cod_ant": "23-105",
        "cod_vig": 123105.0,
        "cod_m_ant": null,
        "cod_m_nuev": 0.0,
        "cod_reg": 10.0,
        "nom_reg": "Región de Los Lagos",
        "cod_dep": 23.0,
        "dependenc": "Servicio de Salud Osorno",
        "pertenenci": "Perteneciente al Sistema Nacional de Servicios de Salud",
        "tipo": "Hospital",
        "ambito": "Establecimiento de Salud",
        "nombre": "Hospital Pu Mulen Quilacahuín",
        "certifi": "No Aplica",
        "dep_adm": "Servicio de Salud",
        "nivel": "Pendiente",
        "cod_com": "10307",
        "nom_com": "San Pablo",
        "via": "Calle",
        "numero": 0.0,
        "direccion": "Quilacahuín",
        "fono": 642335471.0,
        "f_inicio": 38716.0,
        "urgencia": "SI",
        "tipo_urge": "Urgencia Hospitalaria (UEH)",
        "clas_sapu": "No Aplica",
        "latitud": -40.36766,
        "longitud": -73.262,
        "prestador": "Público",
        "estado": "Vigente en operación habitual",
        "complejida": "Baja Complejidad",
        "tipo_aten": "Atención Cerrada-Hospitalaria",
        "cut_comuna": "10307",
        "cut_region": "10",
        "cut_provin": "103",
        "nom_region": "Los Lagos",
        "nom_provin": "Osorno",
        "nom_comuna": "San Pablo",
        "ir_google": "https://www.google.cl/maps/dir//-40.367660000000001,-73.262",
        "simbologia": "Hospitales y Unidades de Hospitalización"
      },
      "geometry": {
        "type": "Point",
        "coordinates": [
          -73.262,
          -40.36766
        ]
      }
    },
    {
      "type": "Feature",
      "properties": {
        "cod_ant": "23-437",
        "cod_vig": 123437.0,
        "cod_m_ant": null,
        "cod_m_nuev": 0.0,
        "cod_reg": 10.0,
        "nom_reg": "Región de Los Lagos",
        "cod_dep": 23.0,
        "dependenc": "Servicio de Salud Osorno",
        "pertenenci": "Perteneciente al Sistema Nacional de Servicios de Salud",
        "tipo": "Posta de Salud Rural (PSR)",
        "ambito": "Establecimiento de Salud",
        "nombre": "Posta de Salud Rural Currimáhuida",
        "certifi": "No Aplica",
        "dep_adm": "Servicio de Salud",
        "nivel": "Primario",
        "cod_com": "10307",
        "nom_com": "San Pablo",
        "via": "Calle",
        "numero": 0.0,
        "direccion": "Sector Currimáhuida",
        "fono": 0.0,
        "f_inicio": 38716.0,
        "urgencia": "NO",
        "tipo_urge": "No Aplica",
        "clas_sapu": "No Aplica",
        "latitud": -40.31564,
        "longitud": -73.43202,
        "prestador": "Público",
        "estado": "Vigente en operación habitual",
        "complejida": "Baja Complejidad",
        "tipo_aten": "Atención Abierta-Ambulatoria",
        "cut_comuna": "10307",
        "cut_region": "10",
        "cut_provin": "103",
        "nom_region": "Los Lagos",
        "nom_provin": "Osorno",
        "nom_comuna": "San Pablo",
        "ir_google": "https://www.google.cl/maps/dir//-40.315640000000002,-73.432019999999994",
        "simbologia": "Atención Primaria de Salud (APS)"
      },
      "geometry": {
        "type": "Point",
        "coordinates": [
          -73.43202,
          -40.31564
        ]
      }
    },
    {
      "type": "Feature",
      "properties": {
        "cod_ant": "23-908",
        "cod_vig": 200543.0,
        "cod_m_ant": null,
        "cod_m_nuev": 0.0,
        "cod_reg": 10.0,
        "nom_reg": "Región de Los Lagos",
        "cod_dep": 10.0,
        "dependenc": "SEREMI de Los Lagos",
        "pertenenci": "No perteneciente al Sistema Nacional de Servicios de Salud",
        "tipo": "Clínica Dental",
        "ambito": "Establecimiento de Salud",
        "nombre": "Centro Odontológico Uno Dental Osorno",
        "certifi": "No Aplica",
        "dep_adm": "Privado",
        "nivel": "No Aplica",
        "cod_com": "10301",
        "nom_com": "Osorno",
        "via": "Calle",
        "numero": 0.0,
        "direccion": "Lord Cochrane",
        "fono": 0.0,
        "f_inicio": 42968.0,
        "urgencia": "NO",
        "tipo_urge": "No Aplica",
        "clas_sapu": "No Aplica",
        "latitud": -40.57371,
        "longitud": -73.133393,
        "prestador": "Privado",
        "estado": "Vigente en operación habitual",
        "complejida": "Mediana Complejidad",
        "tipo_aten": "Atención Abierta-Ambulatoria",
        "cut_comuna": "10301",
        "cut_region": "10",
        "cut_provin": "103",
        "nom_region": "Los Lagos",
        "nom_provin": "Osorno",
        "nom_comuna": "Osorno",
        "ir_google": "https://www.google.cl/maps/dir//-40.573709999999998,-73.133392999999998",
        "simbologia": "Centros de Salud y Clínicas Privadas"
      },
      "geometry": {
        "type": "Point",
        "coordinates": [
          -73.133393,
          -40.57371
        ]
      }
    },
    {
      "type": "Feature",
      "properties": {
        "cod_ant": "201154",
        "cod_vig": 201154.0,
        "cod_m_ant": null,
        "cod_m_nuev": 0.0,
        "cod_reg": 10.0,
        "nom_reg": "Región de Los Lagos",
        "cod_dep": 10.0,
        "dependenc": "SEREMI de Los Lagos",
        "pertenenci": "No perteneciente al Sistema Nacional de Servicios de Salud",
        "tipo": "Laboratorio Clínico",
        "ambito": "Establecimiento de Salud",
        "nombre": "Laboratorio Clínico Vera Medicina Avanzada del Sur y Salas de Toma de Muestra",
        "certifi": "No Aplica",
        "dep_adm": "Privado",
        "nivel": "No Aplica",
        "cod_com": "10301",
        "nom_com": "Osorno",
        "via": "Calle",
        "numero": 1496.0,
        "direccion": "Hermanos Phillippi",
        "fono": 2207000.0,
        "f_inicio": 44424.0,
        "urgencia": "NO",
        "tipo_urge": "No Aplica",
        "clas_sapu": "No Aplica",
        "latitud": -40.583183,
        "longitud": -73.121793,
        "prestador": "Privado",
        "estado": "Vigente en operación habitual",
        "complejida": "No Aplica",
        "tipo_aten": "No Aplica",
        "cut_comuna": "10301",
        "cut_region": "10",
        "cut_provin": "103",
        "nom_region": "Los Lagos",
        "nom_provin": "Osorno",
        "nom_comuna": "Osorno",
        "ir_google": "https://www.google.cl/maps/dir//-40.583182999999998,-73.121792999999997",
        "simbologia": "Servicios de Apoyo Diagnóstico y Terapéutico"
      },
      "geometry": {
        "type": "Point",
        "coordinates": [
          -73.121793,
          -40.583183
        ]
      }
    },
    {
      "type": "Feature",
      "properties": {
        "cod_ant": "201483",
        "cod_vig": 201483.0,
        "cod_m_ant": null,
        "cod_m_nuev": 0.0,
        "cod_reg": 10.0,
        "nom_reg": "Región de Los Lagos",
        "cod_dep": 23.0,
        "dependenc": "Servicio de Salud Osorno",
        "pertenenci": "Perteneciente al Sistema Nacional de Servicios de Salud",
        "tipo": "Centro Comunitario de Salud Familiar (CECOSF)",
        "ambito": "Establecimiento de Salud",
        "nombre": "CECOSF Las Cascadas",
        "certifi": "No Aplica",
        "dep_adm": "Municipal",
        "nivel": "Primario",
        "cod_com": "10302",
        "nom_com": "Puerto Octay",
        "via": "Calle",
        "numero": 595.0,
        "direccion": "Muñoz Gamero",
        "fono": 0.0,
        "f_inicio": 45363.0,
        "urgencia": "NO",
        "tipo_urge": "No Aplica",
        "clas_sapu": "No Aplica",
        "latitud": -41.080106,
        "longitud": -72.641119,
        "prestador": "Público",
        "estado": "Vigente en operación habitual",
        "complejida": "Baja Complejidad",
        "tipo_aten": "Atención Abierta-Ambulatoria",
        "cut_comuna": "10302",
        "cut_region": "10",
        "cut_provin": "103",
        "nom_region": "Los Lagos",
        "nom_provin": "Osorno",
        "nom_comuna": "Puerto Octay",
        "ir_google": "https://www.google.cl/maps/dir//-41.080106000000001,-72.641119000000003",
        "simbologia": "Atención Primaria de Salud (APS)"
      },
      "geometry": {
        "type": "Point",
        "coordinates": [
          -72.641119,
          -41.080106
        ]
      }
    },
    {
      "type": "Feature",
      "properties": {
        "cod_ant": "201667",
        "cod_vig": 201667.0,
        "cod_m_ant": null,
        "cod_m_nuev": 0.0,
        "cod_reg": 10.0,
        "nom_reg": "Región de Los Lagos",
        "cod_dep": 23.0,
        "dependenc": "Servicio de Salud Osorno",
        "pertenenci": "Perteneciente al Sistema Nacional de Servicios de Salud",
        "tipo": "Posta de Salud Rural (PSR)",
        "ambito": "Establecimiento de Salud",
        "nombre": "PSR Chan Chan Río Negro",
        "certifi": "No Aplica",
        "dep_adm": "Municipal",
        "nivel": "Primario",
        "cod_com": "10305",
        "nom_com": "Río Negro",
        "via": "Calle",
        "numero": 0.0,
        "direccion": "Chan – Chan s/n",
        "fono": 0.0,
        "f_inicio": 45566.0,
        "urgencia": "NO",
        "tipo_urge": "No Aplica",
        "clas_sapu": "No Aplica",
        "latitud": -40.813011,
        "longitud": -72.991242,
        "prestador": "Público",
        "estado": "Vigente en operación habitual",
        "complejida": "Baja Complejidad",
        "tipo_aten": "Atención Abierta-Ambulatoria",
        "cut_comuna": "10305",
        "cut_region": "10",
        "cut_provin": "103",
        "nom_region": "Los Lagos",
        "nom_provin": "Osorno",
        "nom_comuna": "Río Negro",
        "ir_google": "https://www.google.cl/maps/dir//-40.813011000000003,-72.991242",
        "simbologia": "Atención Primaria de Salud (APS)"
      },
      "geometry": {
        "type": "Point",
        "coordinates": [
          -72.991242,
          -40.813011
        ]
      }
    },
    {
      "type": "Feature",
      "properties": {
        "cod_ant": "201811",
        "cod_vig": 201811.0,
        "cod_m_ant": null,
        "cod_m_nuev": 0.0,
        "cod_reg": 10.0,
        "nom_reg": "Región de Los Lagos",
        "cod_dep": 10.0,
        "dependenc": "SEREMI de Los Lagos",
        "pertenenci": "No perteneciente al Sistema Nacional de Servicios de Salud",
        "tipo": "Vacunatorio",
        "ambito": "Establecimiento de Salud",
        "nombre": "Vacunatorio VAXPLUS",
        "certifi": "No Aplica",
        "dep_adm": "Privado",
        "nivel": "Primario",
        "cod_com": "10301",
        "nom_com": "Osorno",
        "via": "Calle",
        "numero": 577.0,
        "direccion": "García Hurtado de Mendoza",
        "fono": 974243456.0,
        "f_inicio": 45637.0,
        "urgencia": "NO",
        "tipo_urge": "No Aplica",
        "clas_sapu": "No Aplica",
        "latitud": -40.5800708726,
        "longitud": -73.134905631,
        "prestador": "Privado",
        "estado": "Vigente en operación habitual",
        "complejida": "Baja Complejidad",
        "tipo_aten": "Atención Abierta-Ambulatoria",
        "cut_comuna": "10301",
        "cut_region": "10",
        "cut_provin": "103",
        "nom_region": "Los Lagos",
        "nom_provin": "Osorno",
        "nom_comuna": "Osorno",
        "ir_google": "https://www.google.cl/maps/dir//-40.580070872599997,-73.134905630999995",
        "simbologia": "Servicios de Apoyo Diagnóstico y Terapéutico"
      },
      "geometry": {
        "type": "Point",
        "coordinates": [
          -73.13490563099998,
          -40.580070872999954
        ]
      }
    },
    {
      "type": "Feature",
      "properties": {
        "cod_ant": "202043",
        "cod_vig": 202043.0,
        "cod_m_ant": null,
        "cod_m_nuev": 123311.0,
        "cod_reg": 10.0,
        "nom_reg": "Región de Los Lagos",
        "cod_dep": 23.0,
        "dependenc": "Servicio de Salud Osorno",
        "pertenenci": "Perteneciente al Sistema Nacional de Servicios de Salud",
        "tipo": "Posta de Salud Rural (PSR)",
        "ambito": "Establecimiento de Salud",
        "nombre": "Posta Pucatrihue",
        "certifi": "No Aplica",
        "dep_adm": "Municipal",
        "nivel": "Primario",
        "cod_com": "10306",
        "nom_com": "San Juan de la Costa",
        "via": "Otro",
        "numero": 0.0,
        "direccion": "Pucatrihue s/n. (Caleta Pucatrihue)",
        "fono": 0.0,
        "f_inicio": 45848.0,
        "urgencia": "NO",
        "tipo_urge": "No Aplica",
        "clas_sapu": "No Aplica",
        "latitud": -40.5453231,
        "longitud": -73.7186675,
        "prestador": "Público",
        "estado": "Vigente en operación habitual",
        "complejida": "Baja Complejidad",
        "tipo_aten": "Atención Abierta-Ambulatoria",
        "cut_comuna": "10306",
        "cut_region": "10",
        "cut_provin": "103",
        "nom_region": "Los Lagos",
        "nom_provin": "Osorno",
        "nom_comuna": "San Juan de la Costa",
        "ir_google": "https://www.google.cl/maps/dir//-40.545323099999997,-73.718667499999995",
        "simbologia": "Atención Primaria de Salud (APS)"
      },
      "geometry": {
        "type": "Point",
        "coordinates": [
          -73.71866749999998,
          -40.54532309999996
        ]
      }
    }
  ]
}